{
  "5s": {
    "macro_f1": [
      0.4695272702231126,
      0.49251293590379397
    ],
    "mcc": [
      0.30790228893503246,
      0.33816440662816666
    ],
    "kappa": [
      0.28198093143524056,
      0.3105697936035637
    ]
  },
  "15s": {
    "macro_f1": [
      0.46708008607115326,
      0.4969749083100572
    ],
    "mcc": [
      0.30261449184880723,
      0.3435624446331832
    ],
    "kappa": [
      0.2799998702127335,
      0.31853547673081345
    ]
  },
  "30s": {
    "macro_f1": [
      0.4512649418378673,
      0.47490206104410676
    ],
    "mcc": [
      0.2316566447286145,
      0.2643161292036119
    ],
    "kappa": [
      0.2233128248930315,
      0.2554211461432404
    ]
  }
}