{
  "5s": {
    "per_class": {
      "CLEAN": {
        "precision": 0.7089552238805971,
        "recall": 0.7218235542422963,
        "f1": 0.7153315206023845,
        "support": 2369.0
      },
      "WARNING": {
        "precision": 0.7215346534653465,
        "recall": 0.3044386422976501,
        "f1": 0.4282041865589423,
        "support": 1915.0
      },
      "DEGRADED": {
        "precision": 0.1932938856015779,
        "recall": 0.6433260393873085,
        "f1": 0.2972699696663296,
        "support": 457.0
      }
    },
    "accuracy": 0.5456654714195317,
    "macro_f1": 0.48026855894255216,
    "weighted_f1": 0.5590558459618089,
    "kappa": 0.2967171685868305,
    "mcc": 0.32306746168289613
  },
  "15s": {
    "per_class": {
      "CLEAN": {
        "precision": 0.7313566936208445,
        "recall": 0.6930608769689229,
        "f1": 0.7116939890710382,
        "support": 2349.0
      },
      "WARNING": {
        "precision": 0.6849593495934959,
        "recall": 0.34796076406814663,
        "f1": 0.46148579253680244,
        "support": 1937.0
      },
      "DEGRADED": {
        "precision": 0.17700849118223383,
        "recall": 0.5956043956043956,
        "f1": 0.2729103726082578,
        "support": 455.0
      }
    },
    "accuracy": 0.5427125079097237,
    "macro_f1": 0.48203005140536614,
    "weighted_f1": 0.5673573887383279,
    "kappa": 0.29818565228559524,
    "mcc": 0.32130943670426276
  },
  "30s": {
    "per_class": {
      "CLEAN": {
        "precision": 0.7360147942672215,
        "recall": 0.6870953819594303,
        "f1": 0.7107142857142857,
        "support": 2317.0
      },
      "WARNING": {
        "precision": 0.4468704512372635,
        "recall": 0.3102577059120768,
        "f1": 0.36623918878616163,
        "support": 1979.0
      },
      "DEGRADED": {
        "precision": 0.21096345514950166,
        "recall": 0.5707865168539326,
        "f1": 0.3080654942389327,
        "support": 445.0
      }
    },
    "accuracy": 0.5188778738662729,
    "macro_f1": 0.46167298957979336,
    "weighted_f1": 0.5291291920574012,
    "kappa": 0.23899699686513154,
    "mcc": 0.2477583577013499
  }
}