{
  "train_loss": [
    0.3304321364650802,
    0.22953192366525474,
    0.20472483421850848,
    0.1943576895428059,
    0.19032897253762598,
    0.17830830015837876,
    0.1685659836828841,
    0.15976873986827525,
    0.1573802234836887,
    0.1513849700070919
  ],
  "val_loss": [
    0.07334743017945397,
    0.07403831412513175,
    0.06681956317949404,
    0.07049759137280007,
    0.11829019261820069,
    0.07921808596889075,
    0.08309883316620807,
    0.10469341022870661,
    0.10316072394098216,
    0.09189311893036228
  ],
  "train_f1_5s": [
    0.8591211524647707,
    0.9141774997930074,
    0.9273250053794392,
    0.933851397366611,
    0.9358112537981996,
    0.9418809994967686,
    0.9459632465826219,
    0.9494466190101304,
    0.9509619167924802,
    0.9539691857734809
  ],
  "train_f1_15s": [
    0.84927598314308,
    0.903964735223005,
    0.9165643911118759,
    0.9228607454771742,
    0.9249206817926144,
    0.9301584268162525,
    0.934644498299202,
    0.9370944482999347,
    0.9383526810350707,
    0.9406365233716897
  ],
  "train_f1_30s": [
    0.8397960075944441,
    0.8910636239871712,
    0.902459034608015,
    0.9068989192296616,
    0.9096744226684167,
    0.9140514620461775,
    0.9176260303811438,
    0.9204491935030875,
    0.9213187744536313,
    0.9244053683031588
  ],
  "val_f1_5s": [
    0.7706017215252082,
    0.7652424728339086,
    0.793015894839806,
    0.7541048210973269,
    0.7339317583127625,
    0.7693333333705601,
    0.792195788766635,
    0.7599985883000877,
    0.7963618940580289,
    0.8262769380381902
  ],
  "val_f1_15s": [
    0.7245086011603128,
    0.7128179726853833,
    0.7460500719849898,
    0.7328873313344255,
    0.6961038032015573,
    0.741096162534982,
    0.7712462552010679,
    0.7190290244857435,
    0.7628709907903518,
    0.77598853752125
  ],
  "val_f1_30s": [
    0.6811081912423358,
    0.6708941221715653,
    0.6928763819011433,
    0.6822217294321117,
    0.6452363486950398,
    0.6995377214232436,
    0.7244034773669156,
    0.662294155108457,
    0.7154091527089735,
    0.7192594446881184
  ],
  "lr": [
    0.0004,
    0.0006,
    0.0008,
    0.001,
    0.001,
    0.000999882649009242,
    0.0009995306511219884,
    0.0009989441715674422,
    0.0009981234856414306,
    0.0009970689785771798
  ]
}