window,end_epoch,timestamp,lat,lon,x,y,p_clean_5s,p_warning_5s,p_degraded_5s,pred_5s,p_clean_15s,p_warning_15s,p_degraded_15s,pred_15s,p_clean_30s,p_warning_30s,p_degraded_30s,pred_30s
0,29,2026-06-06 10:01:42+00:00,30.360069926666668,119.97293552833334,-2.2407704488299993,-24.369877391698495,0.7538,0.0479,0.1984,CLEAN,0.7495,0.0517,0.1988,CLEAN,0.729,0.085,0.186,CLEAN
1,30,2026-06-06 10:01:43+00:00,30.36006172,119.97293571333333,-2.2230005333008798,-25.283439346194726,0.7543,0.0479,0.1978,CLEAN,0.7497,0.0518,0.1985,CLEAN,0.7289,0.085,0.186,CLEAN
2,31,2026-06-06 10:01:44+00:00,30.360053391666668,119.97293339,-2.4461650695695267,-26.2105451714965,0.7547,0.0478,0.1975,CLEAN,0.7502,0.0518,0.198,CLEAN,0.7295,0.0848,0.1858,CLEAN
3,32,2026-06-06 10:02:26+00:00,30.360053391666668,119.97293339,-2.4461650695695267,-26.2105451714965,0.1874,0.0204,0.7922,DEGRADED,0.3173,0.0381,0.6446,DEGRADED,0.6119,0.0826,0.3055,CLEAN
4,33,2026-06-06 10:02:27+00:00,30.360053391666668,119.97293339,-2.4461650695695267,-26.2105451714965,0.0718,0.0144,0.9138,DEGRADED,0.2852,0.0343,0.6804,DEGRADED,0.6157,0.0743,0.3101,CLEAN
5,34,2026-06-06 10:02:28+00:00,30.360053391666668,119.97293339,-2.4461650695695267,-26.2105451714965,0.0621,0.0128,0.925,DEGRADED,0.3221,0.0314,0.6465,DEGRADED,0.6615,0.061,0.2775,CLEAN
6,35,2026-06-06 10:02:29+00:00,30.360053391666668,119.97293339,-2.4461650695695267,-26.2105451714965,0.072,0.0138,0.9141,DEGRADED,0.376,0.0302,0.5938,DEGRADED,0.6918,0.0513,0.257,CLEAN
7,36,2026-06-06 10:02:30+00:00,30.360053391666668,119.97293339,-2.4461650695695267,-26.2105451714965,0.0886,0.0154,0.8961,DEGRADED,0.4217,0.0285,0.5498,DEGRADED,0.7017,0.0453,0.253,CLEAN
8,37,2026-06-06 10:02:31+00:00,30.360053391666668,119.97293339,-2.4461650695695267,-26.2105451714965,0.1118,0.0175,0.8707,DEGRADED,0.4591,0.0268,0.5141,DEGRADED,0.695,0.0423,0.2627,CLEAN
9,38,2026-06-06 10:02:32+00:00,30.360053391666668,119.97293339,-2.4461650695695267,-26.2105451714965,0.1461,0.021,0.8329,DEGRADED,0.495,0.026,0.479,CLEAN,0.6757,0.0422,0.2822,CLEAN
10,39,2026-06-06 10:02:33+00:00,30.360053391666668,119.97293339,-2.4461650695695267,-26.2105451714965,0.1954,0.0248,0.7797,DEGRADED,0.5389,0.025,0.4361,CLEAN,0.6549,0.0423,0.3028,CLEAN
11,40,2026-06-06 10:02:34+00:00,30.360053391666668,119.97293339,-2.4461650695695267,-26.2105451714965,0.2348,0.0277,0.7375,DEGRADED,0.57,0.0241,0.4059,CLEAN,0.6372,0.0419,0.3209,CLEAN
12,41,2026-06-06 10:02:35+00:00,30.360053391666668,119.97293339,-2.4461650695695267,-26.2105451714965,0.2564,0.0296,0.714,DEGRADED,0.5838,0.0237,0.3925,CLEAN,0.6184,0.0425,0.3392,CLEAN
13,42,2026-06-06 10:02:36+00:00,30.360053391666668,119.97293339,-2.4461650695695267,-26.2105451714965,0.2674,0.031,0.7016,DEGRADED,0.5878,0.0238,0.3885,CLEAN,0.6045,0.0432,0.3523,CLEAN
14,43,2026-06-06 10:02:37+00:00,30.360053391666668,119.97293339,-2.4461650695695267,-26.2105451714965,0.2739,0.0321,0.694,DEGRADED,0.5884,0.0241,0.3875,CLEAN,0.5947,0.044,0.3613,CLEAN
15,44,2026-06-06 10:02:38+00:00,30.360053391666668,119.97293339,-2.4461650695695267,-26.2105451714965,0.2803,0.0328,0.687,DEGRADED,0.5894,0.0243,0.3863,CLEAN,0.5861,0.0448,0.3691,CLEAN
16,45,2026-06-06 10:02:39+00:00,30.360053391666668,119.97293339,-2.4461650695695267,-26.2105451714965,0.2894,0.0329,0.6777,DEGRADED,0.5921,0.0242,0.3837,CLEAN,0.5778,0.0454,0.3768,CLEAN
17,46,2026-06-06 10:02:40+00:00,30.360053391666668,119.97293339,-2.4461650695695267,-26.2105451714965,0.2999,0.033,0.6671,DEGRADED,0.5948,0.0241,0.3811,CLEAN,0.5689,0.0463,0.3847,CLEAN
18,47,2026-06-06 10:02:41+00:00,30.360053391666668,119.97293339,-2.4461650695695267,-26.2105451714965,0.308,0.0334,0.6586,DEGRADED,0.5957,0.0244,0.3799,CLEAN,0.5617,0.0475,0.3908,CLEAN
19,48,2026-06-06 10:02:42+00:00,30.360053391666668,119.97293339,-2.4461650695695267,-26.2105451714965,0.3125,0.0339,0.6536,DEGRADED,0.5944,0.0248,0.3808,CLEAN,0.5577,0.0483,0.394,CLEAN
20,49,2026-06-06 10:02:43+00:00,30.359490935,119.97294280666667,-1.5416603133275173,-88.82293489853026,0.6424,0.0637,0.2939,CLEAN,0.6653,0.0441,0.2906,CLEAN,0.58,0.0643,0.3557,CLEAN
21,50,2026-06-06 10:02:44+00:00,30.3594815,119.97294467666667,-1.36204007723588,-89.87323429439472,0.6839,0.05,0.2661,CLEAN,0.649,0.0369,0.3141,CLEAN,0.5736,0.0589,0.3675,CLEAN
22,51,2026-06-06 10:02:45+00:00,30.359473225,119.972946575,-1.1796983234524427,-90.79440308073998,0.676,0.0441,0.2799,CLEAN,0.6139,0.035,0.3511,CLEAN,0.572,0.0598,0.3682,CLEAN
23,52,2026-06-06 10:02:46+00:00,30.359465168333333,119.97294638833333,-1.1976283302702806,-91.69126711126795,0.6566,0.0403,0.3031,CLEAN,0.5815,0.0347,0.3838,CLEAN,0.575,0.062,0.363,CLEAN
24,53,2026-06-06 10:02:47+00:00,30.359456766666668,119.97294502,-1.3290616750247528,-92.62653636628562,0.6402,0.0378,0.3219,CLEAN,0.5618,0.0349,0.4033,CLEAN,0.5846,0.0638,0.3517,CLEAN
25,54,2026-06-06 10:02:48+00:00,30.359446868333333,119.97294592,-1.2426134324935194,-93.72841379290885,0.6291,0.0359,0.3349,CLEAN,0.5522,0.035,0.4128,CLEAN,0.5976,0.0644,0.338,CLEAN
26,55,2026-06-06 10:02:49+00:00,30.359437073333332,119.97294606166666,-1.2290058391464598,-94.8187882054474,0.6197,0.0339,0.3464,CLEAN,0.5453,0.0347,0.42,CLEAN,0.61,0.0643,0.3257,CLEAN
27,56,2026-06-06 10:02:50+00:00,30.359426268333333,119.97294549333333,-1.2835963038234177,-96.0215953035369,0.6064,0.0315,0.3621,CLEAN,0.5329,0.0338,0.4333,CLEAN,0.6199,0.0629,0.3171,CLEAN
28,57,2026-06-06 10:02:51+00:00,30.359415385,119.972943905,-1.4361614420656241,-97.23312242850106,0.5891,0.0292,0.3817,CLEAN,0.5162,0.0324,0.4514,CLEAN,0.63,0.0605,0.3095,CLEAN
29,58,2026-06-06 10:02:52+00:00,30.359403345,119.97294263666667,-1.557989426810407,-98.57340909703173,0.5651,0.0267,0.4083,CLEAN,0.4931,0.0306,0.4763,CLEAN,0.6401,0.0571,0.3028,CLEAN
30,59,2026-06-06 10:02:53+00:00,30.359391763333335,119.97294197166667,-1.6218650713636467,-99.8626743326705,0.53,0.0239,0.4461,CLEAN,0.4595,0.0285,0.512,DEGRADED,0.6454,0.054,0.3006,CLEAN
31,60,2026-06-06 10:02:54+00:00,30.35938154666667,119.972940475,-1.765625296263638,-100.99998846395111,0.4921,0.0219,0.486,CLEAN,0.4238,0.0268,0.5494,DEGRADED,0.6466,0.052,0.3014,CLEAN
32,61,2026-06-06 10:02:55+00:00,30.359372298333334,119.9729383,-1.9745418813624396,-102.02950822098936,0.4778,0.0206,0.5016,DEGRADED,0.4058,0.0245,0.5697,DEGRADED,0.659,0.0486,0.2925,CLEAN
33,62,2026-06-06 10:02:56+00:00,30.359365151666665,119.97293564333333,-2.2297242843300507,-102.8250715155146,0.4602,0.0183,0.5216,DEGRADED,0.4008,0.0236,0.5755,DEGRADED,0.6711,0.0477,0.2812,CLEAN
34,63,2026-06-06 10:02:57+00:00,30.359356428333335,119.97293346833334,-2.438640869428852,-103.7961485397261,0.4453,0.0169,0.5378,DEGRADED,0.3934,0.0232,0.5835,DEGRADED,0.6782,0.0473,0.2744,CLEAN
35,64,2026-06-06 10:02:58+00:00,30.359347228333334,119.97293103166666,-2.6726914789087286,-104.82028785567472,0.4353,0.0163,0.5484,DEGRADED,0.3882,0.0232,0.5886,DEGRADED,0.6834,0.0475,0.2691,CLEAN
36,65,2026-06-06 10:02:59+00:00,30.359337803333332,119.97292711333333,-3.0490615112423667,-105.86947405651355,0.4368,0.0161,0.5471,DEGRADED,0.3942,0.0239,0.5819,DEGRADED,0.691,0.0483,0.2607,CLEAN
37,66,2026-06-06 10:03:00+00:00,30.359330133333334,119.97292017833334,-3.7151932420896916,-106.72329455053513,0.431,0.0157,0.5533,DEGRADED,0.3911,0.0238,0.5852,DEGRADED,0.6963,0.0477,0.256,CLEAN
38,67,2026-06-06 10:03:01+00:00,30.35932348,119.97291076333333,-4.619537907042982,-107.46394022922469,0.4309,0.0156,0.5535,DEGRADED,0.394,0.0241,0.582,DEGRADED,0.7024,0.0477,0.2498,CLEAN
39,68,2026-06-06 10:03:02+00:00,30.359316268333334,119.97290129166667,-5.529325607379873,-108.26673929035437,0.4297,0.0154,0.5549,DEGRADED,0.3942,0.0239,0.5819,DEGRADED,0.7076,0.047,0.2454,CLEAN
40,69,2026-06-06 10:03:03+00:00,30.359310671666666,119.97289147166667,-6.472571981350016,-108.88975737431753,0.4368,0.0154,0.5478,DEGRADED,0.4026,0.0241,0.5733,DEGRADED,0.7145,0.0466,0.2389,CLEAN
41,70,2026-06-06 10:03:04+00:00,30.359308261666666,119.972878985,-7.671961293799935,-109.1580373471704,0.4401,0.0151,0.5448,DEGRADED,0.4054,0.0237,0.5709,DEGRADED,0.7195,0.0453,0.2352,CLEAN
42,71,2026-06-06 10:03:05+00:00,30.359305481666667,119.97286626,-8.894243379473194,-109.4675055310149,0.4489,0.0151,0.536,DEGRADED,0.4147,0.0238,0.5615,DEGRADED,0.7242,0.0452,0.2306,CLEAN
43,72,2026-06-06 10:03:06+00:00,30.359302388333333,119.97285499,-9.976767476027861,-109.81185382306612,0.4516,0.015,0.5334,DEGRADED,0.4178,0.0238,0.5584,DEGRADED,0.726,0.0448,0.2292,CLEAN
44,73,2026-06-06 10:03:07+00:00,30.359299653333334,119.97284359666666,-11.071138183749953,-110.11631262964931,0.452,0.015,0.533,DEGRADED,0.421,0.0239,0.5551,DEGRADED,0.7265,0.0451,0.2284,CLEAN
45,74,2026-06-06 10:03:08+00:00,30.35929664,119.972831965,-12.188401667139415,-110.4517553622036,0.4487,0.0147,0.5366,DEGRADED,0.4238,0.0241,0.5521,DEGRADED,0.7269,0.0455,0.2276,CLEAN
46,75,2026-06-06 10:03:09+00:00,30.35929373,119.972820965,-13.244991290201504,-110.77569508067319,0.4647,0.0142,0.521,DEGRADED,0.4596,0.0255,0.5149,DEGRADED,0.7452,0.0466,0.2081,CLEAN
47,76,2026-06-06 10:03:10+00:00,30.359292076666666,119.97281195833334,-14.110114066004533,-110.95974330531995,0.5023,0.0137,0.484,CLEAN,0.5248,0.0275,0.4477,CLEAN,0.7721,0.0485,0.1794,CLEAN
48,77,2026-06-06 10:03:11+00:00,30.359292073333332,119.97280300833333,-14.969793806423963,-110.96011437056454,0.5298,0.0134,0.4568,CLEAN,0.5623,0.0273,0.4104,CLEAN,0.7836,0.0479,0.1686,CLEAN
49,78,2026-06-06 10:03:12+00:00,30.359293598333334,119.97279442666667,-15.794093802185813,-110.79035214650436,0.7706,0.0534,0.176,CLEAN,0.7818,0.0573,0.1609,CLEAN,0.783,0.0677,0.1493,CLEAN
50,79,2026-06-06 10:03:13+00:00,30.35929672,119.97278544833334,-16.656495060297043,-110.44284980270665,0.7708,0.0539,0.1753,CLEAN,0.7835,0.0566,0.1599,CLEAN,0.7807,0.0682,0.1511,CLEAN
51,80,2026-06-06 10:03:14+00:00,30.359298578333334,119.97277969,-17.2096037197418,-110.23598108251282,0.7721,0.0537,0.1742,CLEAN,0.7861,0.0557,0.1582,CLEAN,0.7808,0.0678,0.1514,CLEAN
52,81,2026-06-06 10:03:15+00:00,30.35929897,119.97277564833334,-17.59782036079883,-110.19238094884766,0.7737,0.0536,0.1727,CLEAN,0.7887,0.0548,0.1564,CLEAN,0.7825,0.0663,0.1513,CLEAN
53,82,2026-06-06 10:03:16+00:00,30.359299771666667,119.97276690833333,-18.437328845686718,-110.10313982338025,0.7737,0.0537,0.1726,CLEAN,0.7894,0.0546,0.156,CLEAN,0.7817,0.0664,0.1519,CLEAN
54,83,2026-06-06 10:03:17+00:00,30.359301426666665,119.97275552666666,-19.530578926607927,-109.9189060668193,0.7739,0.0534,0.1727,CLEAN,0.7902,0.054,0.1558,CLEAN,0.7814,0.0661,0.1526,CLEAN
55,84,2026-06-06 10:03:18+00:00,30.359303596666667,119.97274499666666,-20.54202335860209,-109.67734277104104,0.7739,0.0531,0.173,CLEAN,0.7906,0.0536,0.1558,CLEAN,0.7804,0.0661,0.1536,CLEAN
56,85,2026-06-06 10:03:19+00:00,30.359305436666666,119.972735165,-21.486390356929085,-109.47251490827618,0.7728,0.053,0.1741,CLEAN,0.7898,0.0537,0.1566,CLEAN,0.7779,0.0674,0.1547,CLEAN
57,86,2026-06-06 10:03:20+00:00,30.359305488333334,119.97272432166666,-22.527931582153855,-109.46676340123385,0.773,0.0525,0.1745,CLEAN,0.79,0.0533,0.1567,CLEAN,0.7771,0.0677,0.1552,CLEAN
58,87,2026-06-06 10:03:21+00:00,30.359305076666665,119.972715585,-23.367119886908334,-109.51258992495028,0.7735,0.052,0.1745,CLEAN,0.7907,0.0527,0.1566,CLEAN,0.7771,0.0671,0.1557,CLEAN
59,88,2026-06-06 10:03:22+00:00,30.35930506,119.97270897666667,-24.00187410643545,-109.51444524975695,0.773,0.0518,0.1752,CLEAN,0.7904,0.0526,0.157,CLEAN,0.7761,0.0675,0.1564,CLEAN
60,89,2026-06-06 10:03:23+00:00,30.359304383333335,119.97270364666667,-24.513839805705622,-109.58977143846613,0.7716,0.0517,0.1766,CLEAN,0.7892,0.0528,0.158,CLEAN,0.774,0.0689,0.1571,CLEAN
61,90,2026-06-06 10:03:24+00:00,30.359303173333334,119.972695835,-25.264178530370476,-109.72446802240539,0.7718,0.0512,0.177,CLEAN,0.7894,0.0523,0.1582,CLEAN,0.7737,0.0687,0.1577,CLEAN
62,91,2026-06-06 10:03:25+00:00,30.359302763333332,119.97268644,-26.16660212185541,-109.77010901349952,0.7712,0.051,0.1778,CLEAN,0.7889,0.0523,0.1588,CLEAN,0.7724,0.0692,0.1584,CLEAN
63,92,2026-06-06 10:03:26+00:00,30.359303113333333,119.97267490166666,-27.27490060061394,-109.73114719185106,0.7713,0.0508,0.1779,CLEAN,0.7892,0.052,0.1588,CLEAN,0.7726,0.069,0.1585,CLEAN
64,93,2026-06-06 10:03:27+00:00,30.359304478333332,119.97266336166666,-28.383359170661187,-109.57919608678479,0.7695,0.051,0.1794,CLEAN,0.7878,0.0526,0.1596,CLEAN,0.7708,0.0706,0.1586,CLEAN
65,94,2026-06-06 10:03:28+00:00,30.35930627,119.97264997833334,-29.66887654550893,-109.3797486658177,0.7681,0.0509,0.1809,CLEAN,0.7868,0.0529,0.1604,CLEAN,0.7696,0.0716,0.1588,CLEAN
66,95,2026-06-06 10:03:29+00:00,30.35930939,119.97263478,-31.12873120746537,-109.03243185464227,0.7668,0.0509,0.1824,CLEAN,0.7857,0.053,0.1614,CLEAN,0.7679,0.0724,0.1596,CLEAN
67,96,2026-06-06 10:03:30+00:00,30.359311585,119.97261904333334,-32.64029472756228,-108.78808557236209,0.765,0.0508,0.1842,CLEAN,0.7839,0.0531,0.163,CLEAN,0.7658,0.0731,0.1612,CLEAN
68,97,2026-06-06 10:03:31+00:00,30.359309763333332,119.97260107166667,-34.366538048275,-108.99087257840608,0.7682,0.0486,0.1832,CLEAN,0.7811,0.0501,0.1688,CLEAN,0.7681,0.0681,0.1638,CLEAN
69,98,2026-06-06 10:03:32+00:00,30.359308063333334,119.97258602666666,-35.81166449252753,-109.18011571222831,0.768,0.0478,0.1842,CLEAN,0.7763,0.0484,0.1753,CLEAN,0.7693,0.0644,0.1663,CLEAN
70,99,2026-06-06 10:03:33+00:00,30.359306993333334,119.97257551333334,-36.82150803118674,-109.29922756722493,0.7658,0.0482,0.186,CLEAN,0.7735,0.0485,0.178,CLEAN,0.7662,0.065,0.1688,CLEAN
71,100,2026-06-06 10:03:34+00:00,30.359305603333333,119.97256679166667,-37.65925553145096,-109.45396166020936,0.7633,0.0482,0.1886,CLEAN,0.7704,0.0488,0.1808,CLEAN,0.762,0.0672,0.1708,CLEAN
72,101,2026-06-06 10:03:35+00:00,30.359303088333334,119.97255591833333,-38.703678365656245,-109.73393017906109,0.7622,0.0481,0.1897,CLEAN,0.7683,0.0487,0.183,CLEAN,0.7591,0.0685,0.1725,CLEAN
73,102,2026-06-06 10:03:36+00:00,30.359300901666668,119.97254099666667,-40.136958198741354,-109.97734879893794,0.7611,0.0481,0.1908,CLEAN,0.7664,0.0487,0.1849,CLEAN,0.7561,0.0697,0.1742,CLEAN
74,103,2026-06-06 10:03:37+00:00,30.359297833333333,119.97252663,-41.51692828279508,-110.31891410307102,0.7573,0.048,0.1947,CLEAN,0.7613,0.0492,0.1895,CLEAN,0.7495,0.0727,0.1778,CLEAN
75,104,2026-06-06 10:03:38+00:00,30.35929665,119.97251379,-42.75025653541231,-110.45064216717796,0.744,0.0472,0.2088,CLEAN,0.7472,0.0509,0.2019,CLEAN,0.7337,0.0799,0.1864,CLEAN
76,105,2026-06-06 10:03:39+00:00,30.359292901666667,119.97249891,-44.17953413516005,-110.86790472526481,0.7454,0.0481,0.2065,CLEAN,0.745,0.051,0.204,CLEAN,0.7303,0.0811,0.1885,CLEAN
77,106,2026-06-06 10:03:40+00:00,30.359289338333333,119.97248568833334,-45.4495228456364,-111.26457317785585,0.748,0.0484,0.2036,CLEAN,0.7448,0.0509,0.2043,CLEAN,0.7285,0.082,0.1894,CLEAN
78,107,2026-06-06 10:03:41+00:00,30.359286391666668,119.97247604333333,-46.37595983714556,-111.59259461047527,0.7498,0.0485,0.2017,CLEAN,0.7453,0.0511,0.2036,CLEAN,0.7276,0.0834,0.189,CLEAN
79,108,2026-06-06 10:03:42+00:00,30.359282096666668,119.97246421833333,-47.511793682731614,-112.0707118233543,0.7519,0.0484,0.1998,CLEAN,0.7465,0.0511,0.2024,CLEAN,0.7278,0.0844,0.1878,CLEAN
80,109,2026-06-06 10:03:43+00:00,30.359277401666667,119.97245521333333,-48.37675636968996,-112.59335683230184,0.7525,0.0483,0.1992,CLEAN,0.748,0.0506,0.2013,CLEAN,0.7301,0.0828,0.1871,CLEAN
81,110,2026-06-06 10:03:44+00:00,30.359274638333332,119.97244993666666,-48.8835992112659,-112.90096969204775,0.7515,0.0483,0.2002,CLEAN,0.7478,0.0506,0.2016,CLEAN,0.7303,0.0823,0.1875,CLEAN
82,111,2026-06-06 10:03:45+00:00,30.359272225,119.97244540333334,-49.319042208147934,-113.16962073014523,0.7482,0.0482,0.2037,CLEAN,0.7445,0.0512,0.2043,CLEAN,0.7257,0.0845,0.1898,CLEAN
83,112,2026-06-06 10:03:46+00:00,30.359269538333333,119.97244008,-49.830367549595316,-113.46869909563878,0.7483,0.0485,0.2032,CLEAN,0.744,0.0513,0.2047,CLEAN,0.7248,0.0847,0.1905,CLEAN
84,113,2026-06-06 10:03:47+00:00,30.35926575,119.97243581333333,-50.240196253118185,-113.89041443312004,0.7509,0.0489,0.2002,CLEAN,0.7466,0.0509,0.2025,CLEAN,0.7278,0.0828,0.1893,CLEAN
85,114,2026-06-06 10:03:48+00:00,30.35926167,119.97242947,-50.849496270574846,-114.34459795542637,0.7535,0.0491,0.1973,CLEAN,0.7495,0.0506,0.1999,CLEAN,0.7315,0.0808,0.1877,CLEAN
86,115,2026-06-06 10:03:49+00:00,30.359256043333332,119.972424005,-51.374429205369296,-114.9709556237583,0.7556,0.0493,0.1952,CLEAN,0.752,0.0504,0.1976,CLEAN,0.735,0.0791,0.1858,CLEAN
87,116,2026-06-06 10:03:50+00:00,30.35925015833333,119.97241837333334,-51.91537107351322,-115.62607082730194,0.7568,0.0493,0.1938,CLEAN,0.754,0.0503,0.1957,CLEAN,0.7381,0.0777,0.1843,CLEAN
88,117,2026-06-06 10:03:51+00:00,30.359244031666666,119.97241220333333,-52.50802179979762,-116.30808824054247,0.7582,0.0493,0.1925,CLEAN,0.7563,0.05,0.1938,CLEAN,0.7414,0.0758,0.1827,CLEAN
89,118,2026-06-06 10:03:52+00:00,30.359238378333334,119.972406385,-53.06689367475938,-116.93741442799862,0.7585,0.0492,0.1923,CLEAN,0.7573,0.0497,0.193,CLEAN,0.7427,0.0748,0.1825,CLEAN
90,119,2026-06-06 10:03:53+00:00,30.359233388333333,119.97239709166666,-53.95955181738993,-117.49289868772391,0.7557,0.0491,0.1952,CLEAN,0.7545,0.05,0.1955,CLEAN,0.739,0.0763,0.1847,CLEAN
91,120,2026-06-06 10:04:23+00:00,30.359150715,119.97220794666667,-72.12761039778388,-126.69605205621598,0.711,0.053,0.236,CLEAN,0.6895,0.0643,0.2463,CLEAN,0.648,0.1184,0.2336,CLEAN
92,121,2026-06-06 10:04:24+00:00,30.35915177,119.97221438666666,-71.50902520045095,-126.57860999340373,0.7019,0.0599,0.2382,CLEAN,0.6609,0.0791,0.26,CLEAN,0.5973,0.1468,0.2559,CLEAN
93,122,2026-06-06 10:04:25+00:00,30.359159668333334,119.97223719,-69.31868289167181,-125.69937154853925,0.6961,0.0665,0.2374,CLEAN,0.6373,0.0919,0.2708,CLEAN,0.5533,0.1692,0.2775,CLEAN
94,123,2026-06-06 10:04:26+00:00,30.359163255,119.972242115,-68.84561890141849,-125.30010564206859,0.7006,0.0677,0.2317,CLEAN,0.6349,0.0948,0.2703,CLEAN,0.5418,0.1726,0.2856,CLEAN
95,124,2026-06-06 10:04:27+00:00,30.359167343333333,119.97224445833334,-68.62053329412552,-124.84499445665081,0.7077,0.0662,0.226,CLEAN,0.6406,0.0941,0.2653,CLEAN,0.5464,0.1708,0.2828,CLEAN
96,125,2026-06-06 10:04:28+00:00,30.35917042333333,119.972245875,-68.48445735821089,-124.50213042557792,0.7144,0.0638,0.2218,CLEAN,0.6486,0.092,0.2594,CLEAN,0.5537,0.1668,0.2795,CLEAN
97,126,2026-06-06 10:04:29+00:00,30.359173346666665,119.97224627166666,-68.44635609586152,-124.17670644754621,0.7203,0.0609,0.2188,CLEAN,0.6577,0.089,0.2533,CLEAN,0.5632,0.161,0.2759,CLEAN
98,127,2026-06-06 10:04:30+00:00,30.359175888333333,119.97224699666667,-68.37671723334725,-123.89376940815404,0.7239,0.0592,0.2168,CLEAN,0.6636,0.0873,0.2491,CLEAN,0.5698,0.1576,0.2725,CLEAN
99,128,2026-06-06 10:04:31+00:00,30.359176583333333,119.97224768833334,-68.31028015750286,-123.81640236201589,0.7262,0.059,0.2147,CLEAN,0.6655,0.0882,0.2463,CLEAN,0.5718,0.1601,0.268,CLEAN
100,129,2026-06-06 10:04:32+00:00,30.359176311666666,119.97224732666666,-68.34501954678167,-123.8466441567897,0.7271,0.0604,0.2125,CLEAN,0.6672,0.091,0.2418,CLEAN,0.5825,0.1676,0.2499,CLEAN
101,130,2026-06-06 10:04:33+00:00,30.359174408333335,119.97224626833334,-68.44667627355089,-124.0585222542448,0.732,0.0601,0.2079,CLEAN,0.6825,0.083,0.2345,CLEAN,0.6288,0.145,0.2261,CLEAN
102,131,2026-06-06 10:04:34+00:00,30.359173075,119.97224580166667,-68.49150128692945,-124.20694824232001,0.7348,0.0586,0.2066,CLEAN,0.6921,0.0768,0.2311,CLEAN,0.653,0.1304,0.2167,CLEAN
103,132,2026-06-06 10:04:35+00:00,30.359172515,119.97224557166666,-68.51359361837338,-124.2692871566743,0.738,0.0569,0.2051,CLEAN,0.7079,0.07,0.2221,CLEAN,0.6784,0.1143,0.2073,CLEAN
104,133,2026-06-06 10:04:36+00:00,30.359172848333333,119.97224579833333,-68.49182146706285,-124.23218065983252,0.7385,0.0553,0.2062,CLEAN,0.7228,0.0653,0.2119,CLEAN,0.6968,0.1045,0.1987,CLEAN
105,134,2026-06-06 10:04:37+00:00,30.359173608333332,119.97224651833334,-68.42266287352666,-124.14757784708993,0.7366,0.0533,0.2101,CLEAN,0.728,0.0614,0.2106,CLEAN,0.7057,0.0974,0.197,CLEAN
106,135,2026-06-06 10:04:38+00:00,30.359174061666668,119.97224741833334,-68.33621463099544,-124.0971130113568,0.7345,0.0528,0.2128,CLEAN,0.7335,0.0602,0.2063,CLEAN,0.7109,0.0952,0.1939,CLEAN
107,136,2026-06-06 10:04:39+00:00,30.359174488333334,119.97224808,-68.27265916413158,-124.04961669474787,0.7375,0.052,0.2105,CLEAN,0.7404,0.0573,0.2023,CLEAN,0.7188,0.0881,0.1931,CLEAN
108,137,2026-06-06 10:04:40+00:00,30.35917435,119.97224850666667,-68.23167629280168,-124.0650158910682,0.7375,0.0514,0.211,CLEAN,0.7419,0.0559,0.2022,CLEAN,0.7202,0.0847,0.1951,CLEAN
109,138,2026-06-06 10:04:41+00:00,30.35917487,119.97224915,-68.16988181056148,-124.00712975610834,0.7391,0.0509,0.2101,CLEAN,0.7441,0.0544,0.2015,CLEAN,0.7225,0.0814,0.1961,CLEAN
110,139,2026-06-06 10:04:42+00:00,30.359175615,119.97224961833334,-68.12489670589422,-123.92419673555014,0.7404,0.0507,0.2089,CLEAN,0.746,0.0538,0.2003,CLEAN,0.7238,0.0802,0.196,CLEAN
111,140,2026-06-06 10:04:43+00:00,30.359175838333332,119.97224959333333,-68.12729804834066,-123.8993353825741,0.7422,0.0505,0.2072,CLEAN,0.7483,0.0534,0.1983,CLEAN,0.7251,0.0801,0.1948,CLEAN
112,141,2026-06-06 10:04:44+00:00,30.359176081666668,119.972249455,-68.14058546155431,-123.87224763954679,0.7443,0.0505,0.2052,CLEAN,0.7508,0.0531,0.1961,CLEAN,0.7266,0.0796,0.1938,CLEAN
113,142,2026-06-06 10:04:45+00:00,30.359176026666667,119.972249265,-68.15883564606153,-123.87837021183371,0.7463,0.0506,0.2031,CLEAN,0.7543,0.0529,0.1928,CLEAN,0.7288,0.0791,0.1921,CLEAN
114,143,2026-06-06 10:04:46+00:00,30.359175826666668,119.97224908833333,-68.17580511736722,-123.9006341095139,0.7481,0.0506,0.2013,CLEAN,0.7573,0.0526,0.1901,CLEAN,0.731,0.0783,0.1906,CLEAN
115,144,2026-06-06 10:04:47+00:00,30.3591758,119.97224873,-68.21022432406859,-123.90360263005434,0.7495,0.0506,0.1999,CLEAN,0.7595,0.0523,0.1882,CLEAN,0.733,0.0773,0.1897,CLEAN
116,145,2026-06-06 10:04:48+00:00,30.359175878333332,119.97224822833333,-68.25841121540576,-123.89488260317968,0.7516,0.0507,0.1978,CLEAN,0.7621,0.0518,0.186,CLEAN,0.7358,0.0756,0.1885,CLEAN
117,146,2026-06-06 10:04:49+00:00,30.359175578333332,119.97224773166667,-68.30611783532079,-123.92827845040809,0.7531,0.0509,0.196,CLEAN,0.764,0.0516,0.1844,CLEAN,0.7378,0.0743,0.1879,CLEAN
118,147,2026-06-06 10:04:50+00:00,30.359175215,119.97224730666667,-68.34694061536197,-123.96872453161863,0.7545,0.0511,0.1944,CLEAN,0.7656,0.0514,0.183,CLEAN,0.7394,0.0732,0.1875,CLEAN
119,148,2026-06-06 10:04:51+00:00,30.359174858333333,119.97224706,-68.37063384014085,-124.00842848375626,0.7507,0.0513,0.198,CLEAN,0.7618,0.0524,0.1857,CLEAN,0.7348,0.0759,0.1893,CLEAN
120,149,2026-06-06 10:04:52+00:00,30.359174325,119.97224699333333,-68.37703741348065,-124.06779887827823,0.7495,0.0508,0.1997,CLEAN,0.7609,0.0526,0.1864,CLEAN,0.7345,0.0772,0.1883,CLEAN
121,150,2026-06-06 10:04:53+00:00,30.359173741666666,119.97224697,-68.37927866219435,-124.13273524863646,0.7515,0.0504,0.1982,CLEAN,0.7641,0.0527,0.1831,CLEAN,0.7393,0.0774,0.1833,CLEAN
122,151,2026-06-06 10:04:54+00:00,30.359173491666667,119.97224691333334,-68.38472170002197,-124.1605651207367,0.7553,0.0502,0.1945,CLEAN,0.769,0.0519,0.1791,CLEAN,0.7456,0.0743,0.1801,CLEAN
123,152,2026-06-06 10:04:55+00:00,30.359173593333335,119.972246735,-68.40185126017234,-124.14924763927432,0.7579,0.0506,0.1915,CLEAN,0.7725,0.0514,0.1761,CLEAN,0.7498,0.0713,0.1789,CLEAN
124,153,2026-06-06 10:04:56+00:00,30.359173898333335,119.97224660666667,-68.41417813787383,-124.11529519417904,0.7584,0.051,0.1906,CLEAN,0.7736,0.0511,0.1753,CLEAN,0.7507,0.0696,0.1797,CLEAN
125,154,2026-06-06 10:04:57+00:00,30.359174048333333,119.97224649833333,-68.42458394455099,-124.0985972709189,0.7589,0.0513,0.1899,CLEAN,0.7745,0.0509,0.1745,CLEAN,0.7517,0.0685,0.1798,CLEAN
126,155,2026-06-06 10:04:58+00:00,30.359174418333332,119.972246375,-68.43643055571842,-124.0574090599273,0.759,0.0514,0.1896,CLEAN,0.7752,0.0509,0.1739,CLEAN,0.7527,0.0681,0.1793,CLEAN
127,156,2026-06-06 10:04:59+00:00,30.359174595,119.97224629166666,-68.44443502483719,-124.03774261612672,0.7598,0.0513,0.1889,CLEAN,0.7767,0.0508,0.1725,CLEAN,0.755,0.0673,0.1776,CLEAN
128,157,2026-06-06 10:05:00+00:00,30.359174278333334,119.97224622,-68.45131886471106,-124.07299378816181,0.7608,0.0511,0.1882,CLEAN,0.7779,0.0506,0.1715,CLEAN,0.758,0.0664,0.1755,CLEAN
129,158,2026-06-06 10:05:01+00:00,30.359173984999998,119.97224620166666,-68.45307984689069,-124.10564750560916,0.7663,0.0491,0.1847,CLEAN,0.7784,0.0482,0.1734,CLEAN,0.7659,0.0614,0.1727,CLEAN
130,159,2026-06-06 10:05:02+00:00,30.359173645,119.97224617166667,-68.4559614558712,-124.14349613223199,0.765,0.0489,0.1861,CLEAN,0.775,0.0475,0.1775,CLEAN,0.7686,0.0589,0.1726,CLEAN
131,160,2026-06-06 10:05:03+00:00,30.359173418333334,119.97224613,-68.45996368920858,-124.16872855045261,0.764,0.0487,0.1874,CLEAN,0.7738,0.0473,0.1789,CLEAN,0.7666,0.0595,0.1739,CLEAN
132,161,2026-06-06 10:05:04+00:00,30.359173116666668,119.97224599666667,-68.47277083588817,-124.20230992959519,0.7641,0.0485,0.1874,CLEAN,0.774,0.0471,0.1789,CLEAN,0.7664,0.0597,0.174,CLEAN
133,162,2026-06-06 10:05:05+00:00,30.359172748333332,119.97224555,-68.51567477824238,-124.24331260938074,0.7615,0.0484,0.1901,CLEAN,0.7714,0.0474,0.1811,CLEAN,0.7634,0.0616,0.175,CLEAN
134,163,2026-06-06 10:05:06+00:00,30.359172373333333,119.97224504,-68.56466211624702,-124.28505741823922,0.7622,0.0481,0.1897,CLEAN,0.772,0.047,0.181,CLEAN,0.7641,0.0613,0.1746,CLEAN
135,164,2026-06-06 10:05:07+00:00,30.359171976666666,119.97224468833333,-68.59844096512562,-124.32921414977125,0.7616,0.0481,0.1903,CLEAN,0.7709,0.0468,0.1823,CLEAN,0.7623,0.0619,0.1758,CLEAN
136,165,2026-06-06 10:05:08+00:00,30.359171568333334,119.97224438666667,-68.62741713399939,-124.3746696082431,0.7594,0.0482,0.1924,CLEAN,0.7674,0.0468,0.1858,CLEAN,0.7579,0.0635,0.1787,CLEAN
137,166,2026-06-06 10:05:09+00:00,30.359171213333333,119.972244105,-68.65447223429284,-124.41418802775843,0.7591,0.0481,0.1928,CLEAN,0.7668,0.0469,0.1863,CLEAN,0.757,0.0644,0.1786,CLEAN
138,167,2026-06-06 10:05:10+00:00,30.359170886666668,119.972243885,-68.67560402533654,-124.45055239411103,0.7604,0.0481,0.1916,CLEAN,0.7679,0.0469,0.1853,CLEAN,0.7582,0.0648,0.1771,CLEAN
139,168,2026-06-06 10:05:11+00:00,30.359170621666667,119.97224378666667,-68.68504929650155,-124.4800520598119,0.761,0.048,0.191,CLEAN,0.7686,0.0472,0.1842,CLEAN,0.7591,0.0659,0.1749,CLEAN
140,169,2026-06-06 10:05:12+00:00,30.35917050666667,119.97224386666667,-68.67736500751617,-124.49285380083639,0.7625,0.0478,0.1897,CLEAN,0.7703,0.0474,0.1823,CLEAN,0.7614,0.0666,0.172,CLEAN
141,170,2026-06-06 10:05:13+00:00,30.359170218333333,119.97224373,-68.69049233432918,-124.52495092112498,0.7645,0.0476,0.188,CLEAN,0.7723,0.0475,0.1802,CLEAN,0.7641,0.0665,0.1693,CLEAN
142,171,2026-06-06 10:05:14+00:00,30.359169926666667,119.97224368166667,-68.69513492548933,-124.55741910595005,0.7637,0.0474,0.1889,CLEAN,0.7712,0.0478,0.181,CLEAN,0.763,0.0678,0.1692,CLEAN
143,172,2026-06-06 10:05:15+00:00,30.359169808333334,119.97224384833333,-68.67912599213986,-124.57059191221911,0.763,0.0472,0.1898,CLEAN,0.7699,0.0478,0.1823,CLEAN,0.7616,0.0686,0.1698,CLEAN
144,173,2026-06-06 10:05:16+00:00,30.359169708333333,119.97224399166667,-68.66535830750408,-124.58172386105922,0.7615,0.0471,0.1913,CLEAN,0.7676,0.0478,0.1846,CLEAN,0.7586,0.0698,0.1717,CLEAN
145,174,2026-06-06 10:05:17+00:00,30.35916963,119.97224411333333,-68.65367178762537,-124.59044388793387,0.7605,0.0471,0.1924,CLEAN,0.7659,0.0479,0.1862,CLEAN,0.7562,0.0707,0.1731,CLEAN
146,175,2026-06-06 10:05:18+00:00,30.35916943,119.97224416333333,-68.64886910762053,-124.61270778561406,0.7606,0.047,0.1924,CLEAN,0.7658,0.0479,0.1863,CLEAN,0.7561,0.071,0.1729,CLEAN
147,176,2026-06-06 10:05:19+00:00,30.359169225,119.97224421333334,-68.64406642517166,-124.63552828186924,0.7624,0.047,0.1906,CLEAN,0.7677,0.0478,0.1845,CLEAN,0.7586,0.07,0.1714,CLEAN
148,177,2026-06-06 10:05:20+00:00,30.359168975,119.97224416333333,-68.64886910762053,-124.66335815467761,0.7634,0.047,0.1896,CLEAN,0.7688,0.0477,0.1835,CLEAN,0.7599,0.0696,0.1705,CLEAN
149,178,2026-06-06 10:05:21+00:00,30.359168805,119.972244165,-68.64870901633181,-124.68228246798901,0.7648,0.0471,0.1881,CLEAN,0.7696,0.0476,0.1828,CLEAN,0.7604,0.0693,0.1704,CLEAN
150,179,2026-06-06 10:05:22+00:00,30.359168601666667,119.97224418166667,-68.64710812299685,-124.7049174309138,0.7658,0.0474,0.1868,CLEAN,0.77,0.0476,0.1824,CLEAN,0.7604,0.0692,0.1704,CLEAN
151,180,2026-06-06 10:05:23+00:00,30.35916851,119.97224414333333,-68.65079017864485,-124.71512171735054,0.7677,0.0478,0.1844,CLEAN,0.7715,0.0477,0.1809,CLEAN,0.7619,0.0686,0.1695,CLEAN
152,181,2026-06-06 10:05:24+00:00,30.35916848,119.972244095,-68.655432769805,-124.71846130242744,0.7687,0.048,0.1833,CLEAN,0.7728,0.0478,0.1795,CLEAN,0.7637,0.068,0.1683,CLEAN
153,182,2026-06-06 10:05:25+00:00,30.359168375,119.97224410333334,-68.65463232313752,-124.73014984913442,0.7689,0.0479,0.1832,CLEAN,0.7731,0.0479,0.179,CLEAN,0.7644,0.0679,0.1677,CLEAN
154,183,2026-06-06 10:05:26+00:00,30.359168238333332,119.972243985,-68.66599866532685,-124.74536351283247,0.7701,0.048,0.1819,CLEAN,0.7748,0.0479,0.1773,CLEAN,0.7668,0.067,0.1662,CLEAN
155,184,2026-06-06 10:05:27+00:00,30.359168088333334,119.972243875,-68.6765645608487,-124.76206143609261,0.7693,0.0478,0.1829,CLEAN,0.7741,0.048,0.1779,CLEAN,0.766,0.0675,0.1666,CLEAN
156,185,2026-06-06 10:05:28+00:00,30.359167918333334,119.97224376333334,-68.68729054765929,-124.78098574940402,0.7687,0.0477,0.1836,CLEAN,0.7733,0.0481,0.1786,CLEAN,0.7649,0.068,0.1671,CLEAN
157,186,2026-06-06 10:05:29+00:00,30.359167648333333,119.97224363833334,-68.6992972476714,-124.81104201226364,0.7685,0.0476,0.1839,CLEAN,0.7727,0.0482,0.1791,CLEAN,0.764,0.0685,0.1675,CLEAN
158,187,2026-06-06 10:05:30+00:00,30.359167435,119.972243625,-68.70057796087293,-124.83479017021405,0.7691,0.0476,0.1833,CLEAN,0.773,0.0481,0.1789,CLEAN,0.7642,0.0684,0.1675,CLEAN
159,188,2026-06-06 10:05:31+00:00,30.359167166666666,119.97224355166666,-68.70762189447954,-124.86466090045138,0.7692,0.0477,0.1831,CLEAN,0.7729,0.0481,0.179,CLEAN,0.7636,0.0686,0.1679,CLEAN
160,189,2026-06-06 10:05:32+00:00,30.35916696,119.97224347,-68.7154662723096,-124.88766692862075,0.7686,0.0477,0.1837,CLEAN,0.7719,0.0482,0.1799,CLEAN,0.7619,0.0694,0.1687,CLEAN
161,190,2026-06-06 10:05:33+00:00,30.359166863333332,119.97224349166666,-68.71338510999655,-124.89842781292437,0.769,0.0477,0.1833,CLEAN,0.7723,0.0481,0.1796,CLEAN,0.7624,0.0692,0.1685,CLEAN
162,191,2026-06-06 10:05:34+00:00,30.35916671,119.972243485,-68.71402546537531,-124.91549680072099,0.7692,0.0477,0.1831,CLEAN,0.7725,0.048,0.1795,CLEAN,0.7625,0.0691,0.1684,CLEAN
163,192,2026-06-06 10:05:35+00:00,30.359166616666666,119.97224351833333,-68.71082368114944,-124.92588662048814,0.7709,0.0478,0.1813,CLEAN,0.7744,0.0479,0.1778,CLEAN,0.7648,0.0682,0.167,CLEAN
164,193,2026-06-06 10:05:36+00:00,30.359166445,119.972243485,-68.71402546537531,-124.94499646642186,0.7711,0.0477,0.1812,CLEAN,0.7748,0.0478,0.1774,CLEAN,0.7653,0.068,0.1666,CLEAN
165,194,2026-06-06 10:05:37+00:00,30.35916633,119.97224345333333,-68.71706716320051,-124.95779820744634,0.7721,0.0478,0.1801,CLEAN,0.7761,0.0477,0.1762,CLEAN,0.767,0.0673,0.1657,CLEAN
166,195,2026-06-06 10:05:38+00:00,30.359166218333332,119.97224339,-68.72315055885093,-124.97022888393435,0.773,0.0478,0.1792,CLEAN,0.7774,0.0476,0.175,CLEAN,0.7687,0.0667,0.1647,CLEAN
167,196,2026-06-06 10:05:39+00:00,30.359166253333335,119.97224338,-68.72411109436308,-124.9663327016987,0.7729,0.0477,0.1794,CLEAN,0.7775,0.0477,0.1748,CLEAN,0.7691,0.0666,0.1643,CLEAN
168,197,2026-06-06 10:05:40+00:00,30.359166276666667,119.97224334666667,-68.72731288103299,-124.96373524711098,0.7727,0.0476,0.1797,CLEAN,0.7775,0.0477,0.1749,CLEAN,0.7692,0.0666,0.1642,CLEAN
169,198,2026-06-06 10:05:41+00:00,30.359166476666665,119.97224341166667,-68.72106939653789,-124.94147134872266,0.7734,0.0476,0.179,CLEAN,0.7785,0.0476,0.174,CLEAN,0.7705,0.0661,0.1634,CLEAN
170,199,2026-06-06 10:05:42+00:00,30.359166693333332,119.97224348333333,-68.71418555666402,-124.91735212623578,0.773,0.0476,0.1794,CLEAN,0.7781,0.0476,0.1743,CLEAN,0.7702,0.0662,0.1636,CLEAN
171,200,2026-06-06 10:05:43+00:00,30.35916686,119.97224349833333,-68.71274475217376,-124.89879887746083,0.7726,0.0475,0.1799,CLEAN,0.7778,0.0476,0.1746,CLEAN,0.7699,0.0664,0.1637,CLEAN
172,201,2026-06-06 10:05:44+00:00,30.359166993333332,119.97224355833333,-68.70698153665676,-124.88395627900738,0.7726,0.0475,0.1799,CLEAN,0.7778,0.0476,0.1745,CLEAN,0.7702,0.0665,0.1634,CLEAN
173,202,2026-06-06 10:05:45+00:00,30.359167103333334,119.97224355666667,-68.70714162550145,-124.87171113443354,0.7733,0.0475,0.1791,CLEAN,0.7788,0.0475,0.1737,CLEAN,0.7714,0.066,0.1626,CLEAN
174,203,2026-06-06 10:05:46+00:00,30.359167261666666,119.97224361833334,-68.70121831869572,-124.85408554877004,0.774,0.0476,0.1785,CLEAN,0.7798,0.0474,0.1728,CLEAN,0.7728,0.0654,0.1618,CLEAN
175,204,2026-06-06 10:05:47+00:00,30.35916738,119.972243685,-68.69481474779995,-124.84091274250098,0.7744,0.0476,0.1779,CLEAN,0.7806,0.0474,0.172,CLEAN,0.7739,0.065,0.1611,CLEAN
176,205,2026-06-06 10:05:48+00:00,30.35916753,119.97224378166666,-68.68552956547964,-124.82421481853271,0.7756,0.0478,0.1766,CLEAN,0.7824,0.0473,0.1704,CLEAN,0.7764,0.064,0.1596,CLEAN
177,206,2026-06-06 10:05:49+00:00,30.359167666666668,119.97224384166667,-68.67976634751861,-124.80900115483468,0.7766,0.0479,0.1756,CLEAN,0.784,0.0471,0.1689,CLEAN,0.7785,0.0632,0.1583,CLEAN
178,207,2026-06-06 10:05:50+00:00,30.359167795,119.97224390666666,-68.67352286546753,-124.79471515353997,0.7774,0.0479,0.1748,CLEAN,0.7854,0.047,0.1676,CLEAN,0.7804,0.0625,0.1571,CLEAN
179,208,2026-06-06 10:05:51+00:00,30.359167928333335,119.97224397666666,-68.66679911199432,-124.77987255437839,0.7778,0.0479,0.1743,CLEAN,0.7863,0.0469,0.1668,CLEAN,0.7816,0.062,0.1564,CLEAN
180,209,2026-06-06 10:05:52+00:00,30.359168048333334,119.97224401166666,-68.66343723647975,-124.76651421548702,0.7788,0.048,0.1732,CLEAN,0.7878,0.0468,0.1654,CLEAN,0.7836,0.0612,0.1552,CLEAN
181,210,2026-06-06 10:05:53+00:00,30.359168151666665,119.97224403833333,-68.66087580763264,-124.75501120211045,0.7781,0.0479,0.1739,CLEAN,0.7874,0.0468,0.1658,CLEAN,0.783,0.0615,0.1555,CLEAN
182,211,2026-06-06 10:05:54+00:00,30.359168371666666,119.97224407166667,-68.65767402096274,-124.73052091367089,0.778,0.0478,0.1743,CLEAN,0.7874,0.0468,0.1658,CLEAN,0.783,0.0616,0.1554,CLEAN
183,212,2026-06-06 10:05:55+00:00,30.35916841,119.97224401333334,-68.66327714763506,-124.72625366689876,0.7779,0.0477,0.1744,CLEAN,0.7874,0.0468,0.1658,CLEAN,0.7831,0.0616,0.1553,CLEAN
184,213,2026-06-06 10:05:56+00:00,30.359168408333332,119.97224407333333,-68.65751393211805,-124.72643919952105,0.777,0.0475,0.1755,CLEAN,0.7863,0.0468,0.1669,CLEAN,0.7816,0.0624,0.156,CLEAN
185,214,2026-06-06 10:05:57+00:00,30.359168711666666,119.97224393333333,-68.67096143417639,-124.69267228704807,0.7774,0.0475,0.1751,CLEAN,0.7866,0.0468,0.1666,CLEAN,0.7821,0.0622,0.1557,CLEAN
186,215,2026-06-06 10:05:58+00:00,30.35916891833333,119.97224399833334,-68.66471794968128,-124.6696662588787,0.7767,0.0474,0.1759,CLEAN,0.7856,0.0469,0.1675,CLEAN,0.7807,0.0629,0.1564,CLEAN
187,216,2026-06-06 10:05:59+00:00,30.35916893,119.97224399333334,-68.66519821865938,-124.66836753123079,0.7767,0.0475,0.1758,CLEAN,0.7854,0.0469,0.1677,CLEAN,0.7804,0.063,0.1566,CLEAN
188,217,2026-06-06 10:06:00+00:00,30.359168926666666,119.97224404333333,-68.66039553865454,-124.66873859647536,0.7774,0.0476,0.175,CLEAN,0.786,0.0468,0.1672,CLEAN,0.7813,0.0626,0.1562,CLEAN
189,218,2026-06-06 10:06:01+00:00,30.359168226666668,119.972241975,-68.85906640592087,-124.74666223977228,0.7763,0.0475,0.1762,CLEAN,0.7846,0.0469,0.1685,CLEAN,0.7793,0.0634,0.1573,CLEAN
190,219,2026-06-06 10:06:02+00:00,30.359168475,119.97224161,-68.89412597044503,-124.7190178995862,0.7762,0.0475,0.1763,CLEAN,0.7844,0.0469,0.1687,CLEAN,0.779,0.0635,0.1574,CLEAN
191,220,2026-06-06 10:06:03+00:00,30.359168911666668,119.972241915,-68.86482962143788,-124.67040838865975,0.7762,0.0475,0.1763,CLEAN,0.7843,0.0469,0.1688,CLEAN,0.7788,0.0637,0.1576,CLEAN
192,221,2026-06-06 10:06:04+00:00,30.359168825,119.97224197333334,-68.85922649476555,-124.68005607793775,0.7763,0.0475,0.1762,CLEAN,0.7845,0.0468,0.1687,CLEAN,0.7789,0.0636,0.1574,CLEAN
193,222,2026-06-06 10:06:05+00:00,30.359170435,119.97224154333334,-68.90052954378483,-124.50083169792998,0.7754,0.0474,0.1772,CLEAN,0.7833,0.0469,0.1698,CLEAN,0.7771,0.0644,0.1584,CLEAN
194,223,2026-06-06 10:06:06+00:00,30.359172248333333,119.97224232,-68.82592791242102,-124.29897235428933,0.7739,0.0473,0.1788,CLEAN,0.7809,0.0472,0.1719,CLEAN,0.7741,0.0659,0.1601,CLEAN
195,224,2026-06-06 10:06:07+00:00,30.35917214,119.97224347666666,-68.71482591448681,-124.31103196624089,0.7729,0.0473,0.1799,CLEAN,0.779,0.0474,0.1736,CLEAN,0.7713,0.0671,0.1616,CLEAN
196,225,2026-06-06 10:08:02+00:00,30.35909733,119.97227487833334,-65.69858271661089,-132.63884307210412,0.7622,0.0474,0.1905,CLEAN,0.7563,0.0529,0.1907,CLEAN,0.7353,0.0874,0.1773,CLEAN
197,226,2026-06-06 10:08:03+00:00,30.359097446666667,119.97227254166667,-65.92302796608107,-132.62585579845734,0.768,0.0492,0.1828,CLEAN,0.7606,0.0525,0.1869,CLEAN,0.7442,0.0825,0.1732,CLEAN
198,227,2026-06-06 10:08:04+00:00,30.359098368333335,119.972270585,-66.11097284898085,-132.52325633409856,0.7671,0.0498,0.1831,CLEAN,0.759,0.0524,0.1886,CLEAN,0.7428,0.0823,0.1749,CLEAN
199,228,2026-06-06 10:08:05+00:00,30.359099296666667,119.9722689,-66.27282316709935,-132.41991474066685,0.7676,0.0498,0.1827,CLEAN,0.7597,0.0522,0.1881,CLEAN,0.7445,0.0815,0.174,CLEAN
200,229,2026-06-06 10:08:06+00:00,30.35910004833333,119.972267435,-66.41354169417413,-132.3362395896195,0.7687,0.0495,0.1817,CLEAN,0.7625,0.052,0.1855,CLEAN,0.7497,0.0794,0.1708,CLEAN
201,230,2026-06-06 10:08:07+00:00,30.35910064,119.97226617833333,-66.53424905456205,-132.270375557566,0.7696,0.0495,0.181,CLEAN,0.7658,0.0517,0.1825,CLEAN,0.756,0.0768,0.1673,CLEAN
202,231,2026-06-06 10:08:08+00:00,30.359102581666665,119.972264875,-66.65943891726545,-132.0542302133388,0.7697,0.0495,0.1808,CLEAN,0.7679,0.0515,0.1806,CLEAN,0.76,0.0747,0.1652,CLEAN
203,232,2026-06-06 10:08:09+00:00,30.35910454,119.972263525,-66.7891112798403,-131.83622954359674,0.7694,0.0497,0.181,CLEAN,0.7682,0.0514,0.1803,CLEAN,0.7606,0.074,0.1654,CLEAN
204,233,2026-06-06 10:08:10+00:00,30.35910594,119.97226216666667,-66.91958408908259,-131.68038225629482,0.7698,0.0499,0.1803,CLEAN,0.7685,0.0513,0.1802,CLEAN,0.7605,0.0733,0.1662,CLEAN
205,234,2026-06-06 10:08:11+00:00,30.359107,119.97226095,-67.03644930497785,-131.56238359632383,0.7708,0.0502,0.179,CLEAN,0.7695,0.0512,0.1793,CLEAN,0.7615,0.0726,0.1659,CLEAN
206,235,2026-06-06 10:08:12+00:00,30.359107878333333,119.97225990666666,-67.13666522970082,-131.46460797660404,0.7722,0.0505,0.1773,CLEAN,0.7717,0.0512,0.1771,CLEAN,0.765,0.0711,0.1639,CLEAN
207,236,2026-06-06 10:08:13+00:00,30.35910887,119.972259225,-67.20214176758901,-131.35421614848207,0.7703,0.0508,0.1788,CLEAN,0.7706,0.0519,0.1775,CLEAN,0.765,0.0719,0.1632,CLEAN
208,237,2026-06-06 10:08:14+00:00,30.35910999,119.97225868,-67.25449098355227,-131.22953831906537,0.7687,0.0509,0.1804,CLEAN,0.7697,0.0526,0.1777,CLEAN,0.7651,0.0726,0.1623,CLEAN
209,238,2026-06-06 10:08:15+00:00,30.35910999,119.97225868,-67.25449098355227,-131.22953831906537,0.251,0.0167,0.7323,DEGRADED,0.3537,0.0324,0.6139,DEGRADED,0.5298,0.0932,0.377,CLEAN
210,239,2026-06-06 10:08:16+00:00,30.3591205,119.97225352166667,-67.74996747805083,-130.0595704703374,0.5822,0.038,0.3798,CLEAN,0.6094,0.0594,0.3313,CLEAN,0.6512,0.1078,0.2409,CLEAN
211,240,2026-06-06 10:08:17+00:00,30.35912046,119.97225387,-67.71650880686161,-130.06402325043996,0.6432,0.0314,0.3254,CLEAN,0.668,0.0482,0.2838,CLEAN,0.6941,0.0923,0.2135,CLEAN
212,241,2026-06-06 10:08:18+00:00,30.359121285,119.97225297833333,-67.80215660272536,-129.9721846703848,0.6516,0.0264,0.322,CLEAN,0.6784,0.0416,0.28,CLEAN,0.7119,0.0822,0.2059,CLEAN
213,242,2026-06-06 10:08:19+00:00,30.35912164,119.97225331333334,-67.76997864718172,-129.93266625086946,0.6488,0.0227,0.3285,CLEAN,0.6796,0.0375,0.2828,CLEAN,0.7236,0.0752,0.2012,CLEAN
214,243,2026-06-06 10:08:20+00:00,30.359121791666666,119.97225421166667,-67.68369049349516,-129.91578279498702,0.6365,0.0196,0.3439,CLEAN,0.672,0.0338,0.2942,CLEAN,0.7346,0.0674,0.1979,CLEAN
215,244,2026-06-06 10:08:21+00:00,30.359122,119.972254655,-67.64110673127436,-129.89259123419538,0.6266,0.0182,0.3553,CLEAN,0.6601,0.0322,0.3076,CLEAN,0.7412,0.0626,0.1962,CLEAN
216,245,2026-06-06 10:08:22+00:00,30.359122405,119.97225482833333,-67.62445744010209,-129.84750684026,0.5771,0.0182,0.4047,CLEAN,0.599,0.0319,0.3691,CLEAN,0.7397,0.0566,0.2036,CLEAN
217,246,2026-06-06 10:08:23+00:00,30.359123076666666,119.97225484166667,-67.62317672445653,-129.7727372494177,0.5639,0.0175,0.4186,CLEAN,0.5823,0.0311,0.3866,CLEAN,0.7425,0.0549,0.2026,CLEAN
218,247,2026-06-06 10:08:24+00:00,30.359123723333333,119.97225484,-67.62333681330121,-129.7007506450773,0.5552,0.0171,0.4277,CLEAN,0.5709,0.031,0.3981,CLEAN,0.7429,0.0549,0.2022,CLEAN
219,248,2026-06-06 10:08:25+00:00,30.3591243,119.97225479333333,-67.62781931561668,-129.63655640520824,0.5468,0.0169,0.4363,CLEAN,0.5591,0.0308,0.4101,CLEAN,0.7406,0.0542,0.2052,CLEAN
220,249,2026-06-06 10:08:26+00:00,30.359125053333333,119.97225465666666,-67.64094664242967,-129.55269572224668,0.5399,0.0168,0.4434,CLEAN,0.5498,0.0304,0.4198,CLEAN,0.738,0.0533,0.2087,CLEAN
221,250,2026-06-06 10:08:27+00:00,30.359125875,119.97225469333333,-67.63742467562636,-129.46122820743614,0.5353,0.0166,0.4481,CLEAN,0.5455,0.0304,0.4241,CLEAN,0.7378,0.053,0.2092,CLEAN
222,251,2026-06-06 10:08:28+00:00,30.359126538333335,119.97225467833333,-67.63886548011662,-129.38738627828906,0.5357,0.0165,0.4478,CLEAN,0.5475,0.0305,0.422,CLEAN,0.7395,0.0531,0.2074,CLEAN
223,252,2026-06-06 10:08:29+00:00,30.359127008333335,119.97225468333333,-67.63838521113853,-129.33506611774922,0.5368,0.0163,0.4469,CLEAN,0.5509,0.0307,0.4184,CLEAN,0.7417,0.0535,0.2048,CLEAN
224,253,2026-06-06 10:08:30+00:00,30.35912731333333,119.97225482833333,-67.62445744010209,-129.30111367336207,0.5396,0.0162,0.4441,CLEAN,0.5559,0.0311,0.413,CLEAN,0.744,0.0539,0.202,CLEAN
225,254,2026-06-06 10:08:31+00:00,30.359127626666666,119.97225479333333,-67.62781931561668,-129.26623356657157,0.5415,0.0162,0.4423,CLEAN,0.5601,0.0316,0.4083,CLEAN,0.746,0.0543,0.1996,CLEAN
226,255,2026-06-06 10:08:32+00:00,30.359127791666666,119.97225475666667,-67.63134127997596,-129.24786585041892,0.5245,0.0164,0.4591,CLEAN,0.5378,0.0313,0.4309,CLEAN,0.737,0.0535,0.2095,CLEAN
227,256,2026-06-06 10:08:33+00:00,30.35912785,119.972254895,-67.6180538667623,-129.2413722128874,0.5209,0.0164,0.4626,CLEAN,0.5326,0.0311,0.4363,CLEAN,0.7346,0.0533,0.2121,CLEAN
228,257,2026-06-06 10:08:34+00:00,30.359127916666665,119.97225514166666,-67.59436064442745,-129.2339509143688,0.512,0.0163,0.4717,CLEAN,0.5207,0.0307,0.4486,CLEAN,0.731,0.0528,0.2162,CLEAN
229,258,2026-06-06 10:08:35+00:00,30.359127893333334,119.97225533333334,-67.57595037107554,-129.23654836895653,0.5046,0.0162,0.4792,CLEAN,0.5109,0.0303,0.4588,CLEAN,0.7281,0.0524,0.2195,CLEAN
230,259,2026-06-06 10:08:36+00:00,30.359127808333334,119.97225557,-67.55321768425287,-129.24601052561223,0.5007,0.0162,0.4831,CLEAN,0.5043,0.03,0.4657,CLEAN,0.7256,0.052,0.2224,CLEAN
231,260,2026-06-06 10:08:37+00:00,30.359127843333333,119.97225553833333,-67.55625938207807,-129.24211434337656,0.4963,0.0161,0.4876,CLEAN,0.4966,0.0296,0.4739,CLEAN,0.7226,0.0512,0.2262,CLEAN
232,261,2026-06-06 10:08:38+00:00,30.359127888333333,119.97225556833334,-67.55337777309755,-129.23710496611528,0.493,0.016,0.491,CLEAN,0.4912,0.0292,0.4796,CLEAN,0.7206,0.0503,0.229,CLEAN
233,262,2026-06-06 10:08:39+00:00,30.359127903333334,119.972255725,-67.53832937770426,-129.23543517393088,0.4918,0.0162,0.492,DEGRADED,0.4887,0.0291,0.4823,CLEAN,0.7193,0.0497,0.231,CLEAN
234,263,2026-06-06 10:08:40+00:00,30.359127968333333,119.97225570666667,-67.54009035743987,-129.22819940661833,0.4931,0.0166,0.4903,CLEAN,0.4889,0.0293,0.4818,CLEAN,0.7183,0.0495,0.2321,CLEAN
235,264,2026-06-06 10:08:41+00:00,30.359128025,119.97225581000001,-67.5301648197408,-129.22189130241725,0.4945,0.017,0.4885,CLEAN,0.4893,0.0296,0.4811,CLEAN,0.7177,0.0494,0.2329,CLEAN
236,265,2026-06-06 10:08:42+00:00,30.359128165,119.97225602,-67.50999356420925,-129.2063065734746,0.4873,0.017,0.4957,DEGRADED,0.4818,0.0294,0.4888,DEGRADED,0.7164,0.0488,0.2348,CLEAN
237,266,2026-06-06 10:08:43+00:00,30.359128238333334,119.97225624,-67.48886177072151,-129.19814314446683,0.4775,0.0169,0.5056,DEGRADED,0.4722,0.0291,0.4987,DEGRADED,0.7157,0.0479,0.2364,CLEAN
238,267,2026-06-06 10:08:44+00:00,30.359128121666668,119.972256545,-67.45956542415838,-129.2111304181136,0.4672,0.0165,0.5163,DEGRADED,0.462,0.0286,0.5094,DEGRADED,0.7154,0.0469,0.2377,CLEAN
239,268,2026-06-06 10:08:45+00:00,30.359128116666668,119.97225672,-67.44275604169741,-129.21168701527236,0.711,0.0487,0.2403,CLEAN,0.7232,0.0424,0.2344,CLEAN,0.7188,0.0489,0.2323,CLEAN
240,269,2026-06-06 10:08:46+00:00,30.35912803,119.97225686,-67.42930853719503,-129.22133470455037,0.7046,0.0533,0.2421,CLEAN,0.7088,0.0463,0.2449,CLEAN,0.703,0.0551,0.2419,CLEAN
241,270,2026-06-06 10:08:47+00:00,30.359127978333333,119.97225686666667,-67.42866817937225,-129.2270862115927,0.7051,0.0542,0.2408,CLEAN,0.6996,0.0463,0.2541,CLEAN,0.6982,0.0546,0.2473,CLEAN
242,271,2026-06-06 10:08:48+00:00,30.359128065,119.97225693333333,-67.4222646084765,-129.21743852302282,0.7025,0.0547,0.2429,CLEAN,0.6815,0.0452,0.2733,CLEAN,0.6878,0.0525,0.2597,CLEAN
243,272,2026-06-06 10:08:49+00:00,30.359128155,119.97225704,-67.41201888819998,-129.20741976850024,0.6931,0.0551,0.2518,CLEAN,0.6625,0.0448,0.2927,CLEAN,0.6704,0.0528,0.2768,CLEAN
244,273,2026-06-06 10:08:50+00:00,30.359128226666666,119.97225717166667,-67.39937183280911,-129.19944187211476,0.6875,0.0549,0.2576,CLEAN,0.6519,0.0441,0.304,CLEAN,0.6571,0.0524,0.2905,CLEAN
245,274,2026-06-06 10:08:51+00:00,30.35912812833333,119.97225743,-67.3745579836734,-129.21038828833255,0.6662,0.0547,0.2791,CLEAN,0.6113,0.0437,0.345,CLEAN,0.6127,0.0545,0.3328,CLEAN
246,275,2026-06-06 10:08:52+00:00,30.359128011666666,119.97225764833334,-67.35358628147438,-129.22337556197934,0.6629,0.0544,0.2827,CLEAN,0.607,0.0435,0.3495,CLEAN,0.6019,0.0553,0.3427,CLEAN
247,276,2026-06-06 10:08:53+00:00,30.35912786,119.97225790166667,-67.32925270131673,-129.24025901856987,0.6627,0.054,0.2833,CLEAN,0.6083,0.0432,0.3484,CLEAN,0.5971,0.0558,0.3471,CLEAN
248,277,2026-06-06 10:08:54+00:00,30.359127823333335,119.97225814333333,-67.30603974795999,-129.2443407327197,0.6635,0.0537,0.2828,CLEAN,0.6111,0.043,0.3459,CLEAN,0.5957,0.0562,0.3481,CLEAN
249,278,2026-06-06 10:08:55+00:00,30.359127893333334,119.97225828833334,-67.29211197692355,-129.23654836895653,0.6631,0.0536,0.2833,CLEAN,0.6119,0.0431,0.345,CLEAN,0.5945,0.057,0.3486,CLEAN
250,279,2026-06-06 10:08:56+00:00,30.35912785,119.97225836166666,-67.28506804576098,-129.2413722128874,0.6666,0.0537,0.2797,CLEAN,0.6183,0.0434,0.3383,CLEAN,0.6002,0.0574,0.3424,CLEAN
251,280,2026-06-06 10:08:57+00:00,30.359127845,119.9722585,-67.2717806301033,-129.24192881075427,0.6747,0.0543,0.271,CLEAN,0.6325,0.0444,0.3231,CLEAN,0.6147,0.0588,0.3265,CLEAN
252,281,2026-06-06 10:08:58+00:00,30.359127898333334,119.97225857,-67.26505687907412,-129.23599177108966,0.6893,0.0547,0.256,CLEAN,0.6567,0.0455,0.2978,CLEAN,0.6398,0.0597,0.3005,CLEAN
253,282,2026-06-06 10:08:59+00:00,30.359128065,119.97225867,-67.25545151662041,-129.21743852302282,0.7031,0.0551,0.2417,CLEAN,0.6804,0.0466,0.273,CLEAN,0.664,0.061,0.2751,CLEAN
254,283,2026-06-06 10:09:00+00:00,30.359128205,119.97225888166666,-67.23512017224418,-129.2018537940802,0.7228,0.0539,0.2232,CLEAN,0.7122,0.0469,0.2409,CLEAN,0.693,0.0622,0.2448,CLEAN
255,284,2026-06-06 10:09:01+00:00,30.359128453333334,119.97225917166666,-67.20726462772727,-129.17420945389412,0.7409,0.0516,0.2076,CLEAN,0.7398,0.0465,0.2137,CLEAN,0.7188,0.064,0.2172,CLEAN
256,285,2026-06-06 10:09:02+00:00,30.359128585,119.972259495,-67.17620729654047,-129.15955238735484,0.7462,0.0503,0.2034,CLEAN,0.7478,0.0464,0.2057,CLEAN,0.7283,0.0656,0.2061,CLEAN
257,286,2026-06-06 10:09:03+00:00,30.359128775,119.97225966333333,-67.16003827434629,-129.13840168470028,0.7514,0.0496,0.199,CLEAN,0.7548,0.0462,0.199,CLEAN,0.7379,0.0655,0.1966,CLEAN
258,287,2026-06-06 10:09:04+00:00,30.359129181666667,119.97226023666667,-67.10496754069125,-129.09313175814262,0.7537,0.0492,0.1971,CLEAN,0.7579,0.0464,0.1956,CLEAN,0.7431,0.0664,0.1905,CLEAN
259,288,2026-06-06 10:09:05+00:00,30.359129463333332,119.97226062666667,-67.06750663616465,-129.06177676834318,0.7575,0.0491,0.1934,CLEAN,0.7627,0.0466,0.1908,CLEAN,0.7494,0.0662,0.1844,CLEAN
260,289,2026-06-06 10:09:06+00:00,30.359129768333332,119.97226079166667,-67.05165779165985,-129.0278243232479,0.7611,0.0491,0.1898,CLEAN,0.7669,0.0467,0.1864,CLEAN,0.7546,0.066,0.1794,CLEAN
261,290,2026-06-06 10:09:07+00:00,30.35912998,119.972261025,-67.02924528497059,-129.0042616979198,0.7642,0.049,0.1868,CLEAN,0.7706,0.0469,0.1825,CLEAN,0.7592,0.0659,0.1749,CLEAN
262,291,2026-06-06 10:09:08+00:00,30.359130326666666,119.972261235,-67.00907402699501,-128.9656709415159,0.7648,0.0488,0.1864,CLEAN,0.7712,0.0472,0.1816,CLEAN,0.76,0.0668,0.1732,CLEAN
263,292,2026-06-06 10:09:09+00:00,30.359130501666666,119.97226133833334,-66.99914848929595,-128.94619003033762,0.7657,0.0486,0.1857,CLEAN,0.772,0.0473,0.1807,CLEAN,0.7612,0.0671,0.1717,CLEAN
264,293,2026-06-06 10:09:10+00:00,30.35913064,119.972261225,-67.01003456495121,-128.93079083401727,0.768,0.0487,0.1833,CLEAN,0.7745,0.0472,0.1782,CLEAN,0.7645,0.0662,0.1693,CLEAN
265,294,2026-06-06 10:09:11+00:00,30.3591309,119.972261165,-67.0157977804682,-128.9018477661833,0.77,0.0487,0.1812,CLEAN,0.7767,0.0473,0.176,CLEAN,0.7674,0.0655,0.1671,CLEAN
266,295,2026-06-06 10:09:12+00:00,30.359131258333335,119.97226104,-67.02780448048031,-128.8619582821315,0.7723,0.0487,0.179,CLEAN,0.7794,0.0473,0.1733,CLEAN,0.7715,0.0645,0.164,CLEAN
267,296,2026-06-06 10:09:13+00:00,30.359131525,119.972261,-67.031646624973,-128.83227308451646,0.775,0.0487,0.1763,CLEAN,0.7828,0.0473,0.1699,CLEAN,0.7765,0.0633,0.1603,CLEAN
268,297,2026-06-06 10:09:14+00:00,30.359131945,119.97226118333333,-67.01403679828857,-128.78551889839667,0.7777,0.0488,0.1736,CLEAN,0.7863,0.0474,0.1664,CLEAN,0.7816,0.0618,0.1565,CLEAN
269,298,2026-06-06 10:09:15+00:00,30.359132238333334,119.97226134666667,-66.99834804262846,-128.75286518094933,0.778,0.0487,0.1733,CLEAN,0.7877,0.0471,0.1652,CLEAN,0.7842,0.0608,0.155,CLEAN
270,299,2026-06-06 10:09:16+00:00,30.359132605,119.97226141166666,-66.99210455813336,-128.7120480344942,0.7784,0.0487,0.1729,CLEAN,0.7886,0.0471,0.1643,CLEAN,0.7854,0.0604,0.1542,CLEAN
271,300,2026-06-06 10:09:17+00:00,30.35913280666667,119.97226140833334,-66.99242473582274,-128.6895986034836,0.7778,0.0485,0.1736,CLEAN,0.7881,0.0471,0.1648,CLEAN,0.7846,0.0607,0.1547,CLEAN
272,301,2026-06-06 10:09:18+00:00,30.359132853333332,119.97226152333333,-66.98137857376682,-128.68440369430812,0.7758,0.0483,0.176,CLEAN,0.7853,0.0473,0.1674,CLEAN,0.7806,0.0624,0.1569,CLEAN
273,302,2026-06-06 10:09:19+00:00,30.359132843333335,119.972261645,-66.96969205144408,-128.68551688933377,0.7756,0.0483,0.1761,CLEAN,0.7844,0.0474,0.1682,CLEAN,0.7794,0.0629,0.1577,CLEAN
274,303,2026-06-06 10:09:20+00:00,30.359132771666665,119.97226172833334,-66.96168758476935,-128.69349478642735,0.775,0.0483,0.1766,CLEAN,0.783,0.0475,0.1696,CLEAN,0.7773,0.0636,0.1591,CLEAN
275,304,2026-06-06 10:09:21+00:00,30.359132663333334,119.97226181833334,-66.95304276027183,-128.7055543976708,0.7747,0.0484,0.1769,CLEAN,0.782,0.0476,0.1705,CLEAN,0.7758,0.0641,0.1601,CLEAN
276,305,2026-06-06 10:09:22+00:00,30.35913259,119.972261855,-66.94952079591255,-128.7137178266786,0.7747,0.0484,0.1769,CLEAN,0.7817,0.0476,0.1707,CLEAN,0.7753,0.0643,0.1604,CLEAN
277,306,2026-06-06 10:09:23+00:00,30.359132575,119.97226196666666,-66.93879480910198,-128.7153876195711,0.7748,0.0483,0.1769,CLEAN,0.7817,0.0475,0.1707,CLEAN,0.7753,0.0643,0.1604,CLEAN
278,307,2026-06-06 10:09:24+00:00,30.359132543333335,119.97226210333334,-66.92566748473301,-128.71891273656217,0.7757,0.0485,0.1758,CLEAN,0.7829,0.0474,0.1697,CLEAN,0.7767,0.0635,0.1597,CLEAN
279,308,2026-06-06 10:09:25+00:00,30.359132598333332,119.972262215,-66.91494149792244,-128.71279016427525,0.7762,0.0487,0.1751,CLEAN,0.7836,0.0473,0.169,CLEAN,0.7776,0.0631,0.1593,CLEAN
280,309,2026-06-06 10:09:26+00:00,30.359132553333332,119.972262335,-66.90341506688843,-128.71779954153652,0.7765,0.0488,0.1747,CLEAN,0.7842,0.0473,0.1686,CLEAN,0.7781,0.0628,0.1591,CLEAN
281,310,2026-06-06 10:09:27+00:00,30.359132531666667,119.97226250666667,-66.88692586456085,-128.72021146350198,0.7763,0.0488,0.1749,CLEAN,0.784,0.0473,0.1687,CLEAN,0.7779,0.0629,0.1592,CLEAN
282,311,2026-06-06 10:09:28+00:00,30.359132448333334,119.97226273833333,-66.86467344671625,-128.7294880882435,0.7756,0.0486,0.1757,CLEAN,0.7832,0.0473,0.1694,CLEAN,0.7768,0.0634,0.1598,CLEAN
283,312,2026-06-06 10:09:29+00:00,30.359132463333335,119.97226290333333,-66.84882460221147,-128.727818295351,0.7764,0.0486,0.175,CLEAN,0.7846,0.0472,0.1681,CLEAN,0.7787,0.0627,0.1586,CLEAN
284,313,2026-06-06 10:09:30+00:00,30.359132566666666,119.972263075,-66.83233539988389,-128.71631528197443,0.777,0.0486,0.1745,CLEAN,0.7858,0.0471,0.1671,CLEAN,0.7803,0.0621,0.1576,CLEAN
285,314,2026-06-06 10:09:31+00:00,30.359132633333335,119.972263195,-66.82080896884987,-128.7088939820396,0.7775,0.0486,0.1739,CLEAN,0.7868,0.0471,0.1661,CLEAN,0.7819,0.0615,0.1566,CLEAN
286,315,2026-06-06 10:09:32+00:00,30.359132733333333,119.97226325,-66.81552601986694,-128.6977620331995,0.7772,0.0485,0.1744,CLEAN,0.7867,0.0471,0.1663,CLEAN,0.7817,0.0617,0.1566,CLEAN
287,316,2026-06-06 10:09:33+00:00,30.359132716666668,119.972263385,-66.80255878434266,-128.69961735800618,0.7757,0.0483,0.1761,CLEAN,0.7845,0.0472,0.1683,CLEAN,0.7786,0.063,0.1584,CLEAN
288,317,2026-06-06 10:09:34+00:00,30.359132696666666,119.97226346333333,-66.79503458420199,-128.70184374805743,0.7756,0.0482,0.1762,CLEAN,0.784,0.0472,0.1687,CLEAN,0.7781,0.0632,0.1587,CLEAN
289,318,2026-06-06 10:09:35+00:00,30.359132623333334,119.97226356833333,-66.78494895765823,-128.71000717706522,0.7759,0.0483,0.1758,CLEAN,0.7841,0.0472,0.1687,CLEAN,0.7781,0.0631,0.1588,CLEAN
290,319,2026-06-06 10:09:36+00:00,30.359132648333333,119.972263615,-66.78046645534276,-128.7072241898552,0.7751,0.0483,0.1766,CLEAN,0.7828,0.0473,0.17,CLEAN,0.7763,0.0638,0.1599,CLEAN
291,320,2026-06-06 10:09:37+00:00,30.359132686666666,119.97226358,-66.78382833085735,-128.70295694308308,0.7749,0.0483,0.1769,CLEAN,0.7822,0.0473,0.1705,CLEAN,0.7754,0.0642,0.1604,CLEAN
292,321,2026-06-06 10:09:38+00:00,30.359132818333332,119.97226355666666,-66.78606958201507,-128.6882998765438,0.7755,0.0482,0.1763,CLEAN,0.7833,0.0472,0.1694,CLEAN,0.7772,0.0637,0.1591,CLEAN
293,322,2026-06-06 10:09:39+00:00,30.359132878333334,119.972263535,-66.78815074432812,-128.6816207070981,0.7762,0.0482,0.1756,CLEAN,0.7846,0.0471,0.1682,CLEAN,0.7792,0.063,0.1578,CLEAN
294,323,2026-06-06 10:09:40+00:00,30.359132923333334,119.97226354833333,-66.78687002868256,-128.67661132983682,0.7766,0.0482,0.1753,CLEAN,0.7854,0.0471,0.1675,CLEAN,0.7804,0.0626,0.157,CLEAN
295,324,2026-06-06 10:09:41+00:00,30.359132771666665,119.97226367666667,-66.77454314853703,-128.69349478642735,0.7774,0.0483,0.1743,CLEAN,0.7866,0.047,0.1664,CLEAN,0.782,0.0619,0.156,CLEAN
296,325,2026-06-06 10:09:42+00:00,30.359132606666666,119.97226384,-66.75885439532095,-128.7118625018719,0.7763,0.0482,0.1755,CLEAN,0.7854,0.0471,0.1675,CLEAN,0.7804,0.0626,0.157,CLEAN
297,326,2026-06-06 10:09:43+00:00,30.35913249,119.97226400166667,-66.74332572850554,-128.7248497762268,0.7775,0.0484,0.1741,CLEAN,0.787,0.047,0.1659,CLEAN,0.7826,0.0616,0.1558,CLEAN
298,327,2026-06-06 10:09:44+00:00,30.359132366666667,119.97226425,-66.71947241732602,-128.73857917965464,0.7781,0.0486,0.1733,CLEAN,0.7881,0.047,0.1649,CLEAN,0.784,0.0609,0.1551,CLEAN
299,328,2026-06-06 10:09:45+00:00,30.359132226666667,119.972264495,-66.69593928383586,-128.75416390859726,0.7785,0.0488,0.1727,CLEAN,0.7888,0.047,0.1642,CLEAN,0.785,0.0605,0.1546,CLEAN
300,329,2026-06-06 10:09:46+00:00,30.359132151666667,119.97226470166666,-66.67608820843772,-128.76251287022734,0.779,0.0488,0.1722,CLEAN,0.7897,0.0469,0.1634,CLEAN,0.7861,0.06,0.1538,CLEAN
301,330,2026-06-06 10:09:47+00:00,30.359132045,119.97226490333334,-66.65671739712963,-128.7743869495566,0.7777,0.0485,0.1738,CLEAN,0.7883,0.047,0.1647,CLEAN,0.7843,0.0609,0.1547,CLEAN
302,331,2026-06-06 10:09:48+00:00,30.359132038333332,119.972265175,-66.63062283479235,-128.77512907933763,0.7774,0.0483,0.1743,CLEAN,0.7884,0.047,0.1646,CLEAN,0.7846,0.0611,0.1544,CLEAN
303,332,2026-06-06 10:09:49+00:00,30.359131921666666,119.97226535333333,-66.61349327708602,-128.78811635298442,0.7778,0.0482,0.174,CLEAN,0.7888,0.0469,0.1643,CLEAN,0.7851,0.0609,0.154,CLEAN
304,333,2026-06-06 10:09:50+00:00,30.359131855,119.97226558666667,-66.59108077039674,-128.79553765221115,0.7778,0.0481,0.1741,CLEAN,0.7887,0.0468,0.1645,CLEAN,0.7849,0.061,0.1541,CLEAN
305,334,2026-06-06 10:09:51+00:00,30.359131736666665,119.97226574333334,-66.57603237255942,-128.80871045918835,0.7776,0.0481,0.1743,CLEAN,0.7881,0.0468,0.1651,CLEAN,0.784,0.0613,0.1547,CLEAN
306,335,2026-06-06 10:09:52+00:00,30.359131688333335,119.97226568333333,-66.58179558807643,-128.8140909009861,0.7774,0.0482,0.1744,CLEAN,0.7876,0.0469,0.1656,CLEAN,0.7833,0.0616,0.1551,CLEAN
307,336,2026-06-06 10:09:53+00:00,30.359131626666667,119.97226576666667,-66.57379112140168,-128.82095560305407,0.7766,0.0481,0.1753,CLEAN,0.7864,0.047,0.1666,CLEAN,0.7818,0.0623,0.1559,CLEAN
308,337,2026-06-06 10:09:54+00:00,30.35913155,119.97226584,-66.56674719023911,-128.82949009730643,0.7761,0.048,0.1759,CLEAN,0.7857,0.047,0.1672,CLEAN,0.7809,0.0628,0.1563,CLEAN
309,338,2026-06-06 10:09:55+00:00,30.359131451666666,119.97226589666667,-66.5613041524115,-128.84043651423235,0.7762,0.048,0.1759,CLEAN,0.7857,0.047,0.1673,CLEAN,0.781,0.0626,0.1564,CLEAN
310,339,2026-06-06 10:09:56+00:00,30.359131351666665,119.972265975,-66.55377995471484,-128.85156846307245,0.7765,0.0482,0.1754,CLEAN,0.7858,0.047,0.1671,CLEAN,0.7811,0.0624,0.1565,CLEAN
311,340,2026-06-06 10:09:57+00:00,30.359131218333335,119.97226609166667,-66.5425737013702,-128.86641106152592,0.7768,0.0483,0.175,CLEAN,0.786,0.047,0.167,CLEAN,0.7812,0.0623,0.1565,CLEAN
312,341,2026-06-06 10:09:58+00:00,30.359131126666668,119.97226619666667,-66.53248807238242,-128.87661534796266,0.7774,0.0484,0.1743,CLEAN,0.7869,0.047,0.1661,CLEAN,0.7824,0.0618,0.1557,CLEAN
313,342,2026-06-06 10:09:59+00:00,30.35913113166667,119.972266335,-66.51920065672473,-128.8760587508039,0.7775,0.0483,0.1742,CLEAN,0.7873,0.047,0.1658,CLEAN,0.783,0.0617,0.1553,CLEAN
314,343,2026-06-06 10:10:00+00:00,30.359131118333334,119.97226651,-66.50239127670778,-128.87754301107412,0.7779,0.0482,0.1739,CLEAN,0.7881,0.0469,0.165,CLEAN,0.7843,0.0613,0.1544,CLEAN
315,344,2026-06-06 10:10:01+00:00,30.359131136666665,119.972266745,-66.47981868117381,-128.87550215364516,0.7783,0.0482,0.1735,CLEAN,0.789,0.0468,0.1642,CLEAN,0.7855,0.0608,0.1537,CLEAN
316,345,2026-06-06 10:10:02+00:00,30.359131106666666,119.972266835,-66.47117385667629,-128.87884173801393,0.777,0.048,0.175,CLEAN,0.7875,0.047,0.1655,CLEAN,0.7837,0.0617,0.1546,CLEAN
317,346,2026-06-06 10:10:03+00:00,30.359131186666666,119.97226699833334,-66.4554851010162,-128.8699361792251,0.777,0.048,0.175,CLEAN,0.7873,0.0471,0.1656,CLEAN,0.7836,0.0618,0.1546,CLEAN
318,347,2026-06-06 10:10:04+00:00,30.359131183333332,119.9722672,-66.43611429215211,-128.87030724376157,0.7771,0.0481,0.1748,CLEAN,0.787,0.0471,0.166,CLEAN,0.7831,0.0619,0.155,CLEAN
319,348,2026-06-06 10:10:05+00:00,30.359131243333334,119.97226735166667,-66.42154616084886,-128.8636280743159,0.7766,0.0482,0.1752,CLEAN,0.7856,0.0472,0.1673,CLEAN,0.7811,0.0626,0.1563,CLEAN
320,349,2026-06-06 10:10:06+00:00,30.359131331666667,119.97226747666667,-66.40953946083675,-128.8537948524156,0.7764,0.0482,0.1754,CLEAN,0.7847,0.0473,0.1681,CLEAN,0.7798,0.0631,0.1571,CLEAN
321,350,2026-06-06 10:10:07+00:00,30.359131386666668,119.97226763,-66.39481124313285,-128.8476722808368,0.7765,0.0483,0.1752,CLEAN,0.7847,0.0473,0.168,CLEAN,0.7798,0.0631,0.1571,CLEAN
322,351,2026-06-06 10:10:08+00:00,30.359131416666667,119.97226775666667,-66.38264445183201,-128.8443326957599,0.7761,0.0482,0.1757,CLEAN,0.7845,0.0473,0.1682,CLEAN,0.7796,0.0633,0.1571,CLEAN
323,352,2026-06-06 10:10:09+00:00,30.359131453333333,119.972267875,-66.37127810964269,-128.84025098161007,0.775,0.048,0.1769,CLEAN,0.7832,0.0475,0.1693,CLEAN,0.7779,0.0641,0.158,CLEAN
324,353,2026-06-06 10:10:10+00:00,30.359131483333332,119.97226792,-66.36695569861594,-128.83691139653317,0.7747,0.0481,0.1772,CLEAN,0.7824,0.0476,0.17,CLEAN,0.7767,0.0645,0.1588,CLEAN
325,354,2026-06-06 10:10:11+00:00,30.359131506666667,119.97226806666667,-66.35286783629078,-128.83431394194542,0.7749,0.0482,0.1769,CLEAN,0.7818,0.0476,0.1705,CLEAN,0.7758,0.0647,0.1596,CLEAN
326,355,2026-06-06 10:10:12+00:00,30.359131505,119.97226822333333,-66.33781943845347,-128.83449947456774,0.7726,0.0481,0.1793,CLEAN,0.778,0.0481,0.1738,CLEAN,0.7706,0.067,0.1624,CLEAN
327,356,2026-06-06 10:10:13+00:00,30.35913151,119.97226829666667,-66.33077550729088,-128.83394287670086,0.771,0.0481,0.181,CLEAN,0.7749,0.0486,0.1765,CLEAN,0.7662,0.069,0.1648,CLEAN
328,357,2026-06-06 10:10:14+00:00,30.359131513333335,119.97226827666667,-66.33269658075925,-128.8335718121644,0.77,0.048,0.182,CLEAN,0.7731,0.0489,0.1781,CLEAN,0.7637,0.0702,0.1661,CLEAN
329,358,2026-06-06 10:10:15+00:00,30.359131623333333,119.97226827166666,-66.3331768472933,-128.82132666829864,0.7682,0.048,0.1838,CLEAN,0.7703,0.0493,0.1804,CLEAN,0.7599,0.072,0.1681,CLEAN
330,359,2026-06-06 10:10:16+00:00,30.359130938333333,119.97226757666667,-66.39993410082707,-128.89758051941118,0.7676,0.048,0.1843,CLEAN,0.769,0.0494,0.1816,CLEAN,0.758,0.0728,0.1692,CLEAN
331,360,2026-06-06 10:10:17+00:00,30.359130761666666,119.97226561,-66.588839519239,-128.91724696250364,0.7691,0.0482,0.1827,CLEAN,0.7704,0.049,0.1805,CLEAN,0.7595,0.0718,0.1686,CLEAN
332,361,2026-06-06 10:10:18+00:00,30.359129918333334,119.97226127833333,-67.00491170481295,-129.01112639998775,0.7658,0.0481,0.186,CLEAN,0.766,0.0497,0.1843,CLEAN,0.7529,0.0751,0.172,CLEAN
333,362,2026-06-06 10:10:19+00:00,30.359128575,119.97225704166667,-67.41185879935529,-129.16066558238046,0.7637,0.0482,0.1881,CLEAN,0.7627,0.0503,0.1871,CLEAN,0.7479,0.0777,0.1744,CLEAN
334,363,2026-06-06 10:10:20+00:00,30.359127118333333,119.97225249833333,-67.8482623317495,-129.3228209738835,0.7654,0.0484,0.1862,CLEAN,0.7646,0.0498,0.1857,CLEAN,0.7508,0.0757,0.1735,CLEAN
335,364,2026-06-06 10:10:21+00:00,30.35912542166667,119.97224874,-68.20926378855643,-129.51169304316926,0.7665,0.0485,0.1849,CLEAN,0.7661,0.0494,0.1845,CLEAN,0.7528,0.0744,0.1728,CLEAN
336,365,2026-06-06 10:10:22+00:00,30.35912352,119.97224572666667,-68.49870530938074,-129.72338560800208,0.7667,0.0485,0.1848,CLEAN,0.7663,0.0494,0.1843,CLEAN,0.7532,0.0741,0.1728,CLEAN
337,366,2026-06-06 10:10:23+00:00,30.359122128333333,119.97224532833333,-68.5369666605748,-129.8783052329007,0.7696,0.0487,0.1817,CLEAN,0.7701,0.0489,0.181,CLEAN,0.7585,0.0714,0.17,CLEAN
338,367,2026-06-06 10:10:24+00:00,30.359121046666665,119.97224580666666,-68.49102102039537,-129.99871581554524,0.767,0.0486,0.1844,CLEAN,0.7674,0.0495,0.1831,CLEAN,0.755,0.0731,0.1719,CLEAN
339,368,2026-06-06 10:10:25+00:00,30.35912072,119.972245465,-68.52383933376181,-130.03508018260595,0.7652,0.0485,0.1863,CLEAN,0.7652,0.0499,0.1849,CLEAN,0.7522,0.0745,0.1733,CLEAN
340,369,2026-06-06 10:10:26+00:00,30.359120116666666,119.97224596666666,-68.47565244486869,-130.10224294230736,0.7626,0.0485,0.1889,CLEAN,0.7619,0.0506,0.1876,CLEAN,0.7473,0.0769,0.1758,CLEAN
341,370,2026-06-06 10:10:27+00:00,30.359118858333332,119.97224774333333,-68.30499721096395,-130.24231996804437,0.7636,0.0487,0.1877,CLEAN,0.7629,0.0503,0.1868,CLEAN,0.7487,0.0758,0.1754,CLEAN
342,371,2026-06-06 10:10:28+00:00,30.359117116666667,119.97225016333333,-68.07254749481902,-130.4362014145914,0.7633,0.0488,0.188,CLEAN,0.7625,0.0502,0.1873,CLEAN,0.7479,0.0759,0.1762,CLEAN
343,372,2026-06-06 10:10:29+00:00,30.359115808333332,119.97225202666667,-67.89356761410613,-130.58184441474847,0.7621,0.0487,0.1891,CLEAN,0.761,0.0505,0.1885,CLEAN,0.7456,0.077,0.1774,CLEAN
344,373,2026-06-06 10:10:30+00:00,30.359115298333332,119.97225288166666,-67.81144178504567,-130.63861735539083,0.7621,0.0487,0.1891,CLEAN,0.7609,0.0504,0.1887,CLEAN,0.7456,0.0768,0.1775,CLEAN
345,374,2026-06-06 10:10:31+00:00,30.359114683333335,119.97225407,-67.69729808684224,-130.70707884203202,0.7652,0.0489,0.1859,CLEAN,0.7648,0.0496,0.1856,CLEAN,0.751,0.0739,0.1751,CLEAN
346,375,2026-06-06 10:10:32+00:00,30.35911439,119.97225488666666,-67.61885431342976,-130.7397325594794,0.7654,0.0489,0.1857,CLEAN,0.7653,0.0494,0.1852,CLEAN,0.7516,0.0734,0.175,CLEAN
347,376,2026-06-06 10:10:33+00:00,30.359114681666668,119.972255025,-67.60556689777208,-130.70726437465433,0.7674,0.049,0.1836,CLEAN,0.7678,0.0491,0.1831,CLEAN,0.755,0.0716,0.1734,CLEAN
348,377,2026-06-06 10:10:34+00:00,30.359115336666665,119.97225451833333,-67.65423405564331,-130.6343501079106,0.7688,0.0491,0.1821,CLEAN,0.7697,0.0489,0.1814,CLEAN,0.7576,0.0703,0.1721,CLEAN
349,378,2026-06-06 10:10:35+00:00,30.359115943333332,119.972253935,-67.71026532481054,-130.56681628367272,0.7697,0.0492,0.1811,CLEAN,0.7711,0.0488,0.1802,CLEAN,0.7595,0.0694,0.1711,CLEAN
350,379,2026-06-06 10:10:36+00:00,30.359115756666668,119.97225335166667,-67.76629659153372,-130.5875959217908,0.7679,0.0491,0.183,CLEAN,0.7692,0.0491,0.1818,CLEAN,0.7571,0.0704,0.1725,CLEAN
351,380,2026-06-06 10:10:37+00:00,30.359116213333333,119.972253005,-67.79959517387826,-130.5367600208131,0.7669,0.0491,0.1841,CLEAN,0.768,0.0493,0.1827,CLEAN,0.7558,0.071,0.1732,CLEAN
352,381,2026-06-06 10:10:38+00:00,30.359116953333334,119.972252965,-67.80343731837094,-130.45438359812178,0.7687,0.0492,0.182,CLEAN,0.7703,0.049,0.1807,CLEAN,0.7589,0.0695,0.1715,CLEAN
353,382,2026-06-06 10:10:39+00:00,30.35911671,119.9722537,-67.7328379203445,-130.48147134114907,0.7688,0.0492,0.1821,CLEAN,0.7706,0.049,0.1804,CLEAN,0.7592,0.0694,0.1715,CLEAN
354,383,2026-06-06 10:10:40+00:00,30.359116075,119.97225627666667,-67.48533980636226,-130.55215921713344,0.7679,0.049,0.1831,CLEAN,0.7698,0.0491,0.1811,CLEAN,0.7581,0.0698,0.172,CLEAN
355,384,2026-06-06 10:10:41+00:00,30.35911658,119.972258535,-67.26841875458871,-130.49594287435795,0.7675,0.0489,0.1836,CLEAN,0.7693,0.0491,0.1816,CLEAN,0.7575,0.07,0.1725,CLEAN
356,385,2026-06-06 10:10:42+00:00,30.359117528333332,119.972260835,-67.0474954694778,-130.390374890875,0.7671,0.0489,0.184,CLEAN,0.7689,0.049,0.1821,CLEAN,0.7568,0.0702,0.173,CLEAN
357,386,2026-06-06 10:10:43+00:00,30.359118435,119.97226287666666,-66.85138603105858,-130.28944521940872,0.7666,0.0488,0.1846,CLEAN,0.7682,0.0489,0.1829,CLEAN,0.7558,0.0705,0.1737,CLEAN
358,387,2026-06-06 10:10:44+00:00,30.359119408333335,119.9722642,-66.72427509733085,-130.1810942480076,0.7639,0.0488,0.1873,CLEAN,0.7651,0.0493,0.1857,CLEAN,0.7516,0.0724,0.1761,CLEAN
359,388,2026-06-06 10:10:45+00:00,30.359120325,119.97226702666667,-66.45276358332438,-130.0790513815157,0.7644,0.0489,0.1868,CLEAN,0.7654,0.0492,0.1854,CLEAN,0.752,0.0721,0.1759,CLEAN
360,389,2026-06-06 10:10:46+00:00,30.3591221,119.97227105166667,-66.06614783315827,-129.88145928535528,0.7639,0.0488,0.1873,CLEAN,0.765,0.0492,0.1858,CLEAN,0.7515,0.0723,0.1762,CLEAN
361,390,2026-06-06 10:10:47+00:00,30.359126346666667,119.97227588166666,-65.60220893638058,-129.40872251427402,0.7652,0.0488,0.1861,CLEAN,0.7666,0.0489,0.1846,CLEAN,0.7534,0.0713,0.1753,CLEAN
362,391,2026-06-06 10:10:48+00:00,30.35913061666667,119.97227944666666,-65.25977784421426,-128.93338828860502,0.7594,0.0488,0.1919,CLEAN,0.7598,0.0501,0.1901,CLEAN,0.7443,0.0757,0.1799,CLEAN
363,392,2026-06-06 10:10:49+00:00,30.359133543333332,119.9722815,-65.06254778143818,-128.60759324603686,0.7617,0.0491,0.1892,CLEAN,0.762,0.0496,0.1884,CLEAN,0.7477,0.0742,0.1781,CLEAN
364,393,2026-06-06 10:10:50+00:00,30.359137663333332,119.97228156166666,-65.05662447463247,-128.14895694362798,0.7605,0.0491,0.1904,CLEAN,0.7609,0.0495,0.1896,CLEAN,0.7459,0.0746,0.1795,CLEAN
365,394,2026-06-06 10:10:51+00:00,30.359143513333333,119.972280785,-65.13122610599628,-127.49773792232001,0.7572,0.0491,0.1937,CLEAN,0.757,0.0501,0.193,CLEAN,0.7403,0.0771,0.1826,CLEAN
366,395,2026-06-06 10:10:52+00:00,30.359152193333333,119.97228114,-65.09712707698426,-126.53148474203938,0.7532,0.0492,0.1976,CLEAN,0.752,0.0509,0.1971,CLEAN,0.7334,0.0804,0.1862,CLEAN
367,396,2026-06-06 10:10:53+00:00,30.359158241666666,119.97228167166666,-65.04605857911062,-125.8581873556735,0.7521,0.0492,0.1987,CLEAN,0.7504,0.0509,0.1987,CLEAN,0.7314,0.0809,0.1876,CLEAN
368,397,2026-06-06 10:10:54+00:00,30.359161291666666,119.97228169833333,-65.0434971502635,-125.51866290896939,0.7539,0.0491,0.197,CLEAN,0.7525,0.0502,0.1973,CLEAN,0.7342,0.0793,0.1865,CLEAN
369,398,2026-06-06 10:10:55+00:00,30.359163833333334,119.97228314833333,-64.90421942767898,-125.23572586957722,0.7555,0.0491,0.1954,CLEAN,0.7543,0.0496,0.1961,CLEAN,0.7368,0.0778,0.1855,CLEAN
370,399,2026-06-06 10:10:56+00:00,30.35916367,119.97228467833334,-64.75725741366506,-125.25390805310758,0.7545,0.0491,0.1963,CLEAN,0.7531,0.0498,0.1971,CLEAN,0.7354,0.0783,0.1863,CLEAN
371,400,2026-06-06 10:10:57+00:00,30.359162596666668,119.972285345,-64.69322168026713,-125.37339097334879,0.7544,0.0491,0.1965,CLEAN,0.7531,0.0498,0.1971,CLEAN,0.7355,0.0783,0.1862,CLEAN
372,401,2026-06-06 10:10:58+00:00,30.359162866666665,119.97228520833333,-64.70634900708012,-125.34333471048917,0.7545,0.0491,0.1963,CLEAN,0.7535,0.0498,0.1967,CLEAN,0.7361,0.0781,0.1858,CLEAN
373,402,2026-06-06 10:10:59+00:00,30.359161595,119.97228442333333,-64.78175108266737,-125.4848959964964,0.7546,0.0492,0.1962,CLEAN,0.7536,0.0498,0.1966,CLEAN,0.7363,0.078,0.1857,CLEAN
374,403,2026-06-06 10:11:00+00:00,30.359160378333332,119.97228325833333,-64.89365352971309,-125.62033471021671,0.755,0.0493,0.1958,CLEAN,0.754,0.0499,0.1961,CLEAN,0.7368,0.0777,0.1854,CLEAN
375,404,2026-06-06 10:11:01+00:00,30.359159,119.97228212333333,-65.00267437022232,-125.7737700755532,0.7545,0.0493,0.1962,CLEAN,0.7536,0.0501,0.1963,CLEAN,0.7362,0.0781,0.1857,CLEAN
376,405,2026-06-06 10:11:02+00:00,30.359159705,119.9722832,-64.89925665638542,-125.69528983438941,0.7547,0.0492,0.1961,CLEAN,0.7539,0.0501,0.1959,CLEAN,0.7367,0.078,0.1853,CLEAN
377,406,2026-06-06 10:11:03+00:00,30.359160966666668,119.97228464333334,-64.76061929162367,-125.55484174269971,0.7556,0.0491,0.1953,CLEAN,0.7551,0.0499,0.195,CLEAN,0.7382,0.0773,0.1845,CLEAN
378,407,2026-06-06 10:11:04+00:00,30.35916226,119.97228556666667,-64.67192979793471,-125.41086853472703,0.755,0.049,0.196,CLEAN,0.7544,0.0501,0.1955,CLEAN,0.7373,0.0778,0.1849,CLEAN
379,408,2026-06-06 10:11:05+00:00,30.359163068333334,119.97228587166667,-64.64263344892755,-125.32088528018669,0.7434,0.0495,0.2071,CLEAN,0.74,0.0531,0.2069,CLEAN,0.7152,0.0886,0.1962,CLEAN
380,409,2026-06-06 10:11:06+00:00,30.359163776666666,119.972286225,-64.60869450876022,-125.24203397377832,0.7432,0.0502,0.2066,CLEAN,0.7385,0.0532,0.2084,CLEAN,0.7144,0.0887,0.1969,CLEAN
381,410,2026-06-06 10:11:07+00:00,30.359164413333332,119.972286415,-64.59044432669704,-125.17116056517168,0.7442,0.05,0.2058,CLEAN,0.7393,0.0524,0.2083,CLEAN,0.7158,0.0875,0.1967,CLEAN
382,411,2026-06-06 10:11:08+00:00,30.35916509833333,119.97228655166667,-64.57731699988405,-125.09490671405915,0.7445,0.0498,0.2057,CLEAN,0.7394,0.052,0.2087,CLEAN,0.7161,0.0869,0.197,CLEAN
383,412,2026-06-06 10:11:09+00:00,30.359165756666666,119.97228645333334,-64.58676227104904,-125.02162138207083,0.7454,0.0496,0.205,CLEAN,0.7403,0.0516,0.2081,CLEAN,0.7175,0.0861,0.1964,CLEAN
384,413,2026-06-06 10:11:10+00:00,30.359166476666665,119.9722865,-64.58227977117761,-124.94147134872266,0.7462,0.0494,0.2044,CLEAN,0.7416,0.0513,0.2071,CLEAN,0.7194,0.0852,0.1954,CLEAN
385,414,2026-06-06 10:11:11+00:00,30.359167116666665,119.97228633333333,-64.59828870452709,-124.87022687487143,0.7474,0.0493,0.2034,CLEAN,0.7434,0.0508,0.2058,CLEAN,0.7221,0.0837,0.1942,CLEAN
386,415,2026-06-06 10:11:12+00:00,30.359167383333332,119.97228610333333,-64.62038103108296,-124.8405416772564,0.743,0.0494,0.2076,CLEAN,0.7387,0.0518,0.2095,CLEAN,0.7151,0.0871,0.1978,CLEAN
387,416,2026-06-06 10:11:13+00:00,30.359168006666668,119.972286205,-64.61061558222859,-124.77115252821184,0.7427,0.0497,0.2076,CLEAN,0.7379,0.052,0.2101,CLEAN,0.7141,0.0875,0.1984,CLEAN
388,417,2026-06-06 10:11:14+00:00,30.359168688333334,119.97228524833334,-64.70250686258744,-124.6952697416358,0.7469,0.0497,0.2034,CLEAN,0.7426,0.0511,0.2062,CLEAN,0.7204,0.0842,0.1954,CLEAN
389,418,2026-06-06 10:11:15+00:00,30.359169138333332,119.97228412333334,-64.81056716269644,-124.64517597114724,0.7504,0.0497,0.1999,CLEAN,0.747,0.0504,0.2027,CLEAN,0.7263,0.0811,0.1926,CLEAN
390,419,2026-06-06 10:11:16+00:00,30.35916955,119.97228336,-64.88388808085871,-124.59934944743081,0.7515,0.0498,0.1987,CLEAN,0.7486,0.0502,0.2012,CLEAN,0.7289,0.0798,0.1914,CLEAN
391,420,2026-06-06 10:11:17+00:00,30.359169651666665,119.97228246,-64.97033632338996,-124.58803196596843,0.7523,0.0498,0.1978,CLEAN,0.75,0.05,0.2,CLEAN,0.7309,0.0788,0.1903,CLEAN
392,421,2026-06-06 10:11:18+00:00,30.35916972,119.97228169833333,-65.0434971502635,-124.5804251334113,0.7553,0.0497,0.1949,CLEAN,0.7539,0.0496,0.1965,CLEAN,0.7362,0.0766,0.1872,CLEAN
393,422,2026-06-06 10:11:19+00:00,30.359169755,119.97228112833334,-65.09824770134112,-124.57652895188374,0.7561,0.0495,0.1944,CLEAN,0.7555,0.0494,0.1952,CLEAN,0.7381,0.0756,0.1863,CLEAN
394,423,2026-06-06 10:11:20+00:00,30.35916985,119.97228050666666,-65.15796102615633,-124.5659536002024,0.7568,0.0493,0.1939,CLEAN,0.7566,0.0491,0.1942,CLEAN,0.7396,0.0749,0.1855,CLEAN
395,424,2026-06-06 10:11:21+00:00,30.359169716666667,119.97227974333333,-65.23128194187457,-124.58079619865588,0.7587,0.0492,0.1921,CLEAN,0.7589,0.0488,0.1923,CLEAN,0.7425,0.0737,0.1839,CLEAN
396,425,2026-06-06 10:11:22+00:00,30.35916963,119.97227911166667,-65.29195579975791,-124.59044388793387,0.7582,0.0492,0.1926,CLEAN,0.7584,0.049,0.1925,CLEAN,0.7424,0.0739,0.1837,CLEAN
397,426,2026-06-06 10:11:23+00:00,30.359170145,119.97227902833333,-65.29996026643265,-124.53311435013276,0.7602,0.0492,0.1906,CLEAN,0.7607,0.0488,0.1905,CLEAN,0.7456,0.0728,0.1817,CLEAN
398,427,2026-06-06 10:11:24+00:00,30.359170765000002,119.97228004833333,-65.2019855928674,-124.46409626562469,0.7615,0.0493,0.1893,CLEAN,0.7622,0.0487,0.1892,CLEAN,0.7475,0.072,0.1805,CLEAN
399,428,2026-06-06 10:11:25+00:00,30.35917132166667,119.97228083333333,-65.12658351483613,-124.40212841580687,0.7636,0.0493,0.1871,CLEAN,0.7647,0.0484,0.1869,CLEAN,0.7505,0.0708,0.1787,CLEAN
400,429,2026-06-06 10:11:26+00:00,30.35917141,119.97228102166666,-65.10849342161762,-124.3922951946147,0.7628,0.0492,0.188,CLEAN,0.7643,0.0486,0.1871,CLEAN,0.7501,0.0711,0.1788,CLEAN
401,430,2026-06-06 10:11:27+00:00,30.359170628333334,119.97227981166667,-65.2247182796901,-124.47930992932272,0.7627,0.0489,0.1884,CLEAN,0.7647,0.0486,0.1867,CLEAN,0.7509,0.071,0.1781,CLEAN
402,431,2026-06-06 10:11:28+00:00,30.359170811666665,119.97227866333333,-65.33501983340086,-124.45890135644922,0.7638,0.0488,0.1874,CLEAN,0.7663,0.0483,0.1854,CLEAN,0.7529,0.0701,0.1769,CLEAN
403,432,2026-06-06 10:11:29+00:00,30.359171626666665,119.97227856333333,-65.34462519341055,-124.3681759714197,0.7628,0.0488,0.1884,CLEAN,0.7653,0.0483,0.1865,CLEAN,0.7515,0.0705,0.178,CLEAN
404,433,2026-06-06 10:11:30+00:00,30.359172036666667,119.97227868,-65.33341893762187,-124.32253498032557,0.7619,0.0488,0.1893,CLEAN,0.7641,0.0483,0.1876,CLEAN,0.75,0.0709,0.1791,CLEAN
405,434,2026-06-06 10:11:31+00:00,30.359172748333332,119.9722789,-65.31228714657817,-124.24331260938074,0.7602,0.0488,0.1909,CLEAN,0.7621,0.0485,0.1894,CLEAN,0.7474,0.0718,0.1808,CLEAN
406,435,2026-06-06 10:11:32+00:00,30.359173378333335,119.97227908166667,-65.29483740873843,-124.17318132984703,0.7569,0.0488,0.1943,CLEAN,0.7583,0.049,0.1927,CLEAN,0.7429,0.0738,0.1833,CLEAN
407,436,2026-06-06 10:11:33+00:00,30.359173871666666,119.97227895166667,-65.30732437772865,-124.11826371471948,0.7573,0.0486,0.1941,CLEAN,0.759,0.0488,0.1923,CLEAN,0.7439,0.0733,0.1828,CLEAN
408,437,2026-06-06 10:11:34+00:00,30.359174533333334,119.97227892,-65.31036607555384,-124.04460731819469,0.7589,0.0484,0.1928,CLEAN,0.7612,0.0484,0.1904,CLEAN,0.7467,0.0722,0.1811,CLEAN
409,438,2026-06-06 10:11:35+00:00,30.359175223333335,119.97227881166667,-65.32077187978697,-123.96779686921529,0.7567,0.0482,0.1951,CLEAN,0.7592,0.0489,0.1919,CLEAN,0.7451,0.0742,0.1807,CLEAN
410,439,2026-06-06 10:11:36+00:00,30.359175698333335,119.97227838833334,-65.3614345734275,-123.91492011080861,0.7563,0.048,0.1957,CLEAN,0.7583,0.0486,0.1931,CLEAN,0.7439,0.0744,0.1817,CLEAN
411,440,2026-06-06 10:11:37+00:00,30.359176335,119.972277945,-65.40401833564832,-123.84404670220196,0.7555,0.0479,0.1965,CLEAN,0.7573,0.0484,0.1943,CLEAN,0.7424,0.0747,0.1829,CLEAN
412,441,2026-06-06 10:11:38+00:00,30.35917681,119.972277385,-65.45780835365781,-123.79116994379527,0.7559,0.048,0.1961,CLEAN,0.7575,0.0482,0.1942,CLEAN,0.7427,0.0742,0.1831,CLEAN
413,442,2026-06-06 10:11:39+00:00,30.359176701666666,119.972276675,-65.52600641168182,-123.80322955574682,0.755,0.048,0.1969,CLEAN,0.7566,0.0483,0.1951,CLEAN,0.7416,0.0746,0.1838,CLEAN
414,443,2026-06-06 10:11:40+00:00,30.359177013333333,119.97227618666666,-65.57291258737342,-123.7685349808705,0.7551,0.048,0.1969,CLEAN,0.7567,0.0484,0.1949,CLEAN,0.7418,0.0747,0.1835,CLEAN
415,444,2026-06-06 10:11:41+00:00,30.359176801666667,119.97227570333334,-65.61933849408692,-123.79209760619861,0.7513,0.048,0.2007,CLEAN,0.7526,0.0492,0.1982,CLEAN,0.7366,0.0776,0.1858,CLEAN
416,445,2026-06-06 10:11:42+00:00,30.359176691666665,119.97227522166666,-65.66560431439974,-123.80434275077245,0.7492,0.0479,0.2029,CLEAN,0.7497,0.0497,0.2006,CLEAN,0.733,0.0799,0.187,CLEAN
417,446,2026-06-06 10:11:43+00:00,30.359176306666665,119.97227488666667,-65.69778226994342,-123.84720075465657,0.7491,0.0479,0.203,CLEAN,0.749,0.0498,0.2012,CLEAN,0.7318,0.0808,0.1874,CLEAN
418,447,2026-06-06 10:11:44+00:00,30.359175656666668,119.97227473166667,-65.712670576492,-123.91955842353343,0.7477,0.0479,0.2044,CLEAN,0.747,0.0503,0.2027,CLEAN,0.7287,0.0825,0.1888,CLEAN
419,448,2026-06-06 10:11:45+00:00,30.359175301666667,119.972274575,-65.72771897677336,-123.95907684234064,0.7465,0.048,0.2055,CLEAN,0.7451,0.0506,0.2042,CLEAN,0.726,0.0839,0.1901,CLEAN
420,449,2026-06-06 10:11:46+00:00,30.359174943333333,119.97227470333333,-65.71539209662784,-123.99896632710055,0.748,0.048,0.204,CLEAN,0.7464,0.0503,0.2033,CLEAN,0.7278,0.0828,0.1893,CLEAN
421,450,2026-06-06 10:11:47+00:00,30.359174595,119.97227522833333,-65.66496395657697,-124.03774261612672,0.7465,0.048,0.2055,CLEAN,0.7448,0.0506,0.2046,CLEAN,0.7252,0.0842,0.1906,CLEAN
422,451,2026-06-06 10:11:48+00:00,30.359175878333332,119.97227667,-65.52648667821589,-123.89488260317968,0.7477,0.048,0.2043,CLEAN,0.7459,0.0504,0.2037,CLEAN,0.7268,0.0833,0.1898,CLEAN
423,452,2026-06-06 10:11:49+00:00,30.359177873333334,119.97228016666666,-65.19061925067808,-123.6728002185797,0.7486,0.048,0.2033,CLEAN,0.747,0.0502,0.2029,CLEAN,0.728,0.0827,0.1893,CLEAN
424,453,2026-06-06 10:11:50+00:00,30.359180841666667,119.97228469833334,-64.75533634264073,-123.3423668632867,0.7513,0.0481,0.2006,CLEAN,0.7499,0.0496,0.2005,CLEAN,0.7318,0.0806,0.1876,CLEAN
425,454,2026-06-06 10:11:51+00:00,30.359185666666665,119.97228800666667,-64.43755900832141,-122.80525032042218,0.7496,0.0482,0.2021,CLEAN,0.748,0.0501,0.2019,CLEAN,0.729,0.082,0.189,CLEAN
426,455,2026-06-06 10:11:52+00:00,30.359191925,119.97229187166667,-64.06631183612603,-122.10857584064235,0.7452,0.0484,0.2063,CLEAN,0.7425,0.0516,0.2059,CLEAN,0.7208,0.0865,0.1927,CLEAN
427,456,2026-06-06 10:11:53+00:00,30.359198925,119.972298795,-63.4013007320796,-121.3293394048408,0.7487,0.0488,0.2025,CLEAN,0.7459,0.051,0.2031,CLEAN,0.7258,0.084,0.1902,CLEAN
428,457,2026-06-06 10:11:54+00:00,30.359204215,119.97230678166666,-62.634152629841815,-120.74045929930332,0.751,0.0488,0.2002,CLEAN,0.7487,0.0505,0.2008,CLEAN,0.7293,0.082,0.1887,CLEAN
429,458,2026-06-06 10:13:35+00:00,30.359204215,119.97230678166666,-62.634152629841815,-120.74045929930332,0.0993,0.0117,0.889,DEGRADED,0.2295,0.0244,0.7461,DEGRADED,0.6087,0.0642,0.327,CLEAN
430,459,2026-06-06 10:13:36+00:00,30.359204215,119.97230678166666,-62.634152629841815,-120.74045929930332,0.0519,0.0119,0.9362,DEGRADED,0.2443,0.0302,0.7255,DEGRADED,0.6241,0.0697,0.3062,CLEAN
431,460,2026-06-06 10:13:37+00:00,30.359204215,119.97230678166666,-62.634152629841815,-120.74045929930332,0.0513,0.0125,0.9362,DEGRADED,0.2995,0.0318,0.6687,DEGRADED,0.6747,0.0598,0.2655,CLEAN
432,461,2026-06-06 10:13:38+00:00,30.359204215,119.97230678166666,-62.634152629841815,-120.74045929930332,0.0595,0.0132,0.9273,DEGRADED,0.3553,0.031,0.6137,DEGRADED,0.7091,0.0501,0.2408,CLEAN
433,462,2026-06-06 10:13:39+00:00,30.359204215,119.97230678166666,-62.634152629841815,-120.74045929930332,0.0711,0.0142,0.9146,DEGRADED,0.399,0.0294,0.5715,DEGRADED,0.7216,0.044,0.2344,CLEAN
434,463,2026-06-06 10:13:40+00:00,30.359204215,119.97230678166666,-62.634152629841815,-120.74045929930332,0.0839,0.0155,0.9006,DEGRADED,0.4296,0.0279,0.5425,DEGRADED,0.7193,0.041,0.2397,CLEAN
435,464,2026-06-06 10:13:41+00:00,30.359204215,119.97230678166666,-62.634152629841815,-120.74045929930332,0.0993,0.0172,0.8835,DEGRADED,0.4539,0.0269,0.5192,DEGRADED,0.7075,0.0399,0.2526,CLEAN
436,465,2026-06-06 10:13:42+00:00,30.359204215,119.97230678166666,-62.634152629841815,-120.74045929930332,0.1282,0.0212,0.8506,DEGRADED,0.485,0.027,0.488,DEGRADED,0.6845,0.041,0.2745,CLEAN
437,466,2026-06-06 10:13:43+00:00,30.359204215,119.97230678166666,-62.634152629841815,-120.74045929930332,0.1701,0.0255,0.8043,DEGRADED,0.5234,0.0264,0.4501,CLEAN,0.659,0.0424,0.2985,CLEAN
438,467,2026-06-06 10:13:44+00:00,30.359204215,119.97230678166666,-62.634152629841815,-120.74045929930332,0.209,0.0289,0.7621,DEGRADED,0.5556,0.0259,0.4185,CLEAN,0.6374,0.0434,0.3193,CLEAN
439,468,2026-06-06 10:13:45+00:00,30.359204215,119.97230678166666,-62.634152629841815,-120.74045929930332,0.2328,0.0312,0.736,DEGRADED,0.5716,0.0256,0.4029,CLEAN,0.6212,0.0437,0.3351,CLEAN
440,469,2026-06-06 10:13:46+00:00,30.359204215,119.97230678166666,-62.634152629841815,-120.74045929930332,0.2486,0.0326,0.7188,DEGRADED,0.5779,0.0254,0.3967,CLEAN,0.6045,0.0447,0.3508,CLEAN
441,470,2026-06-06 10:13:47+00:00,30.359204215,119.97230678166666,-62.634152629841815,-120.74045929930332,0.261,0.0332,0.7059,DEGRADED,0.5816,0.0251,0.3933,CLEAN,0.5907,0.0456,0.3637,CLEAN
442,471,2026-06-06 10:13:48+00:00,30.359204215,119.97230678166666,-62.634152629841815,-120.74045929930332,0.2721,0.0334,0.6945,DEGRADED,0.5844,0.0249,0.3906,CLEAN,0.5788,0.0466,0.3746,CLEAN
443,472,2026-06-06 10:13:49+00:00,30.359204215,119.97230678166666,-62.634152629841815,-120.74045929930332,0.2792,0.0338,0.6871,DEGRADED,0.5863,0.025,0.3887,CLEAN,0.5703,0.0474,0.3823,CLEAN
444,473,2026-06-06 10:13:50+00:00,30.359204215,119.97230678166666,-62.634152629841815,-120.74045929930332,0.2832,0.0344,0.6824,DEGRADED,0.5869,0.0254,0.3877,CLEAN,0.5636,0.0485,0.3879,CLEAN
445,474,2026-06-06 10:13:51+00:00,30.359204215,119.97230678166666,-62.634152629841815,-120.74045929930332,0.2843,0.035,0.6807,DEGRADED,0.5866,0.0258,0.3877,CLEAN,0.56,0.0488,0.3912,CLEAN
446,475,2026-06-06 10:13:52+00:00,30.359204215,119.97230678166666,-62.634152629841815,-120.74045929930332,0.2849,0.0361,0.679,DEGRADED,0.5864,0.0263,0.3873,CLEAN,0.5504,0.0491,0.4005,CLEAN
447,476,2026-06-06 10:13:53+00:00,30.359204215,119.97230678166666,-62.634152629841815,-120.74045929930332,0.2884,0.0392,0.6724,DEGRADED,0.5887,0.0274,0.3839,CLEAN,0.5186,0.0489,0.4325,CLEAN
448,477,2026-06-06 10:13:54+00:00,30.359204215,119.97230678166666,-62.634152629841815,-120.74045929930332,0.3073,0.0435,0.6491,DEGRADED,0.5921,0.0287,0.3791,CLEAN,0.4792,0.0481,0.4727,CLEAN
449,478,2026-06-06 10:13:55+00:00,30.359204215,119.97230678166666,-62.634152629841815,-120.74045929930332,0.3296,0.0471,0.6234,DEGRADED,0.5916,0.0302,0.3782,CLEAN,0.4458,0.0472,0.507,DEGRADED
450,479,2026-06-06 10:13:56+00:00,30.359204215,119.97230678166666,-62.634152629841815,-120.74045929930332,0.3479,0.0498,0.6022,DEGRADED,0.588,0.032,0.38,CLEAN,0.4164,0.0468,0.5368,DEGRADED
451,480,2026-06-06 10:13:57+00:00,30.359204215,119.97230678166666,-62.634152629841815,-120.74045929930332,0.3611,0.0503,0.5887,DEGRADED,0.5874,0.0326,0.38,CLEAN,0.3973,0.0453,0.5574,DEGRADED
452,481,2026-06-06 10:13:58+00:00,30.359204215,119.97230678166666,-62.634152629841815,-120.74045929930332,0.3824,0.0484,0.5692,DEGRADED,0.5915,0.0324,0.376,CLEAN,0.3796,0.0445,0.5758,DEGRADED
453,482,2026-06-06 10:13:59+00:00,30.359204215,119.97230678166666,-62.634152629841815,-120.74045929930332,0.4064,0.0453,0.5484,DEGRADED,0.5983,0.0315,0.3702,CLEAN,0.3657,0.0438,0.5904,DEGRADED
454,483,2026-06-06 10:14:00+00:00,30.359204215,119.97230678166666,-62.634152629841815,-120.74045929930332,0.4287,0.0433,0.528,DEGRADED,0.6024,0.0314,0.3662,CLEAN,0.3519,0.0445,0.6036,DEGRADED
455,484,2026-06-06 10:14:01+00:00,30.359204215,119.97230678166666,-62.634152629841815,-120.74045929930332,0.441,0.0408,0.5183,DEGRADED,0.6069,0.0295,0.3636,CLEAN,0.3545,0.0426,0.6029,DEGRADED
456,485,2026-06-06 10:14:02+00:00,30.359204215,119.97230678166666,-62.634152629841815,-120.74045929930332,0.4395,0.0384,0.5221,DEGRADED,0.6116,0.0265,0.3619,CLEAN,0.3725,0.0389,0.5886,DEGRADED
457,486,2026-06-06 10:14:03+00:00,30.35925521,119.97254813166667,-39.451615747874655,-115.06372186550867,0.6686,0.0629,0.2685,CLEAN,0.676,0.0442,0.2797,CLEAN,0.5715,0.0629,0.3656,CLEAN
458,487,2026-06-06 10:14:04+00:00,30.359255536666666,119.97254653333333,-39.605141421629014,-115.02735749915607,0.6956,0.1038,0.2006,CLEAN,0.7099,0.0444,0.2458,CLEAN,0.4012,0.0214,0.5773,DEGRADED
459,488,2026-06-06 10:14:05+00:00,30.359257155,119.97254641333333,-39.616667852663035,-114.84720545603685,0.7222,0.0874,0.1905,CLEAN,0.6611,0.0401,0.2987,CLEAN,0.3634,0.0261,0.6105,DEGRADED
460,489,2026-06-06 10:14:06+00:00,30.359259378333334,119.97254730833333,-39.5306998791099,-114.59970512130207,0.7079,0.0729,0.2192,CLEAN,0.5948,0.0373,0.3679,CLEAN,0.3669,0.0328,0.6003,DEGRADED
461,490,2026-06-06 10:14:07+00:00,30.359261605,119.972548965,-39.37157107868321,-114.3518337220308,0.6781,0.0607,0.2613,CLEAN,0.5394,0.035,0.4256,CLEAN,0.4007,0.0383,0.5611,DEGRADED
462,491,2026-06-06 10:14:08+00:00,30.3592649,119.97255120833333,-39.15609083139992,-113.98503600038521,0.655,0.0551,0.2899,CLEAN,0.4969,0.0341,0.4691,CLEAN,0.4177,0.0403,0.5419,DEGRADED
463,492,2026-06-06 10:14:09+00:00,30.359267271666667,119.97255282333333,-39.00096426431061,-113.72102327430444,0.6125,0.0462,0.3413,CLEAN,0.4553,0.0291,0.5156,DEGRADED,0.4668,0.0388,0.4945,DEGRADED
464,493,2026-06-06 10:14:10+00:00,30.35927136666667,119.972557355,-38.56568135627326,-113.26516995910562,0.5637,0.0404,0.3959,CLEAN,0.4126,0.0261,0.5613,DEGRADED,0.5045,0.0387,0.4569,CLEAN
465,494,2026-06-06 10:14:11+00:00,30.359274235,119.97256089833333,-38.22533142641999,-112.94586855336084,0.518,0.0347,0.4473,CLEAN,0.3848,0.0248,0.5905,DEGRADED,0.5465,0.0414,0.4121,CLEAN
466,495,2026-06-06 10:14:12+00:00,30.359276478333335,119.97256375,-37.95141856996707,-112.69614182928291,0.4813,0.0296,0.4892,DEGRADED,0.3699,0.0245,0.6056,DEGRADED,0.586,0.0451,0.3689,CLEAN
467,496,2026-06-06 10:14:13+00:00,30.359278228333334,119.972566055,-37.73001501832209,-112.50133272033251,0.4616,0.0262,0.5122,DEGRADED,0.3657,0.0247,0.6096,DEGRADED,0.6121,0.0475,0.3404,CLEAN
468,497,2026-06-06 10:14:14+00:00,30.35927883,119.97256708333333,-37.63123989808937,-112.4343554932534,0.4509,0.0239,0.5252,DEGRADED,0.3661,0.0248,0.6091,DEGRADED,0.6282,0.0484,0.3234,CLEAN
469,498,2026-06-06 10:14:15+00:00,30.359278923333335,119.97256750833333,-37.59041711560416,-112.42396567419436,0.4269,0.0212,0.5518,DEGRADED,0.3572,0.024,0.6189,DEGRADED,0.6395,0.0479,0.3126,CLEAN
470,499,2026-06-06 10:14:16+00:00,30.359278831666668,119.97256788833333,-37.55391674658972,-112.43416996063112,0.4048,0.0191,0.5762,DEGRADED,0.3485,0.0235,0.6279,DEGRADED,0.6484,0.0481,0.3035,CLEAN
471,500,2026-06-06 10:14:17+00:00,30.359278335,119.97256777333334,-37.56496291108967,-112.48945864100325,0.3877,0.0179,0.5943,DEGRADED,0.3411,0.0238,0.6352,DEGRADED,0.655,0.049,0.296,CLEAN
472,501,2026-06-06 10:14:18+00:00,30.359277716666668,119.97256751666667,-37.589616668936685,-112.55829119288904,0.3749,0.0173,0.6077,DEGRADED,0.3354,0.0241,0.6405,DEGRADED,0.6605,0.0498,0.2897,CLEAN
473,502,2026-06-06 10:14:19+00:00,30.359277095,119.97256734166666,-37.60642604895364,-112.62749481001941,0.3742,0.017,0.6088,DEGRADED,0.338,0.0246,0.6374,DEGRADED,0.6669,0.0504,0.2827,CLEAN
474,503,2026-06-06 10:14:20+00:00,30.359276466666667,119.97256734,-37.60658614024236,-112.69744055622272,0.3666,0.0168,0.6166,DEGRADED,0.3338,0.0246,0.6415,DEGRADED,0.6695,0.0503,0.2803,CLEAN
475,504,2026-06-06 10:14:21+00:00,30.359276005,119.97256736,-37.604665066774004,-112.74883305435918,0.3625,0.0168,0.6206,DEGRADED,0.3318,0.0248,0.6434,DEGRADED,0.671,0.0502,0.2788,CLEAN
476,505,2026-06-06 10:15:05+00:00,30.359276005,119.97256736,-37.604665066774004,-112.74883305435918,0.1103,0.0124,0.8773,DEGRADED,0.2124,0.0248,0.7628,DEGRADED,0.6383,0.0564,0.3054,CLEAN
477,506,2026-06-06 10:15:06+00:00,30.359276005,119.97256736,-37.604665066774004,-112.74883305435918,0.0632,0.014,0.9228,DEGRADED,0.2359,0.0335,0.7306,DEGRADED,0.6678,0.0611,0.271,CLEAN
478,507,2026-06-06 10:15:07+00:00,30.359276005,119.97256736,-37.604665066774004,-112.74883305435918,0.0608,0.0169,0.9223,DEGRADED,0.2942,0.0406,0.6652,DEGRADED,0.7209,0.0553,0.2237,CLEAN
479,508,2026-06-06 10:15:08+00:00,30.359276005,119.97256736,-37.604665066774004,-112.74883305435918,0.0749,0.0207,0.9044,DEGRADED,0.3678,0.045,0.5872,DEGRADED,0.7634,0.047,0.1896,CLEAN
480,509,2026-06-06 10:15:09+00:00,30.359276005,119.97256736,-37.604665066774004,-112.74883305435918,0.1086,0.0263,0.8651,DEGRADED,0.4499,0.0461,0.5039,DEGRADED,0.7806,0.0403,0.1791,CLEAN
481,510,2026-06-06 10:15:10+00:00,30.359276005,119.97256736,-37.604665066774004,-112.74883305435918,0.1681,0.0358,0.7961,DEGRADED,0.5238,0.0453,0.4309,CLEAN,0.77,0.0371,0.1928,CLEAN
482,511,2026-06-06 10:15:11+00:00,30.359276005,119.97256736,-37.604665066774004,-112.74883305435918,0.2424,0.047,0.7106,DEGRADED,0.5767,0.044,0.3793,CLEAN,0.747,0.0367,0.2163,CLEAN
483,512,2026-06-06 10:15:12+00:00,30.359276005,119.97256736,-37.604665066774004,-112.74883305435918,0.2983,0.0518,0.6499,DEGRADED,0.6057,0.0413,0.353,CLEAN,0.724,0.0365,0.2395,CLEAN
484,513,2026-06-06 10:15:13+00:00,30.359276005,119.97256736,-37.604665066774004,-112.74883305435918,0.3269,0.0529,0.6202,DEGRADED,0.6185,0.0397,0.3418,CLEAN,0.7068,0.0369,0.2564,CLEAN
485,514,2026-06-06 10:15:14+00:00,30.359276005,119.97256736,-37.604665066774004,-112.74883305435918,0.3377,0.0544,0.608,DEGRADED,0.6252,0.0401,0.3347,CLEAN,0.6975,0.0376,0.2649,CLEAN
486,515,2026-06-06 10:15:15+00:00,30.359276005,119.97256736,-37.604665066774004,-112.74883305435918,0.3363,0.0576,0.6061,DEGRADED,0.6291,0.0421,0.3288,CLEAN,0.6924,0.039,0.2686,CLEAN
487,516,2026-06-06 10:15:16+00:00,30.359276005,119.97256736,-37.604665066774004,-112.74883305435918,0.3417,0.06,0.5983,DEGRADED,0.6269,0.043,0.3302,CLEAN,0.6839,0.0403,0.2758,CLEAN
488,517,2026-06-06 10:15:17+00:00,30.359276005,119.97256736,-37.604665066774004,-112.74883305435918,0.3467,0.0616,0.5918,DEGRADED,0.6254,0.0432,0.3314,CLEAN,0.6766,0.0411,0.2824,CLEAN
489,518,2026-06-06 10:15:18+00:00,30.359276005,119.97256736,-37.604665066774004,-112.74883305435918,0.3509,0.0628,0.5863,DEGRADED,0.624,0.0434,0.3326,CLEAN,0.6705,0.0416,0.2879,CLEAN
490,519,2026-06-06 10:15:19+00:00,30.359276005,119.97256736,-37.604665066774004,-112.74883305435918,0.354,0.0639,0.5821,DEGRADED,0.6224,0.0436,0.334,CLEAN,0.6655,0.042,0.2924,CLEAN
491,520,2026-06-06 10:15:20+00:00,30.359276005,119.97256736,-37.604665066774004,-112.74883305435918,0.356,0.065,0.579,DEGRADED,0.6206,0.0438,0.3355,CLEAN,0.6613,0.0424,0.2963,CLEAN
492,521,2026-06-06 10:15:21+00:00,30.359276005,119.97256736,-37.604665066774004,-112.74883305435918,0.3566,0.0657,0.5777,DEGRADED,0.6182,0.044,0.3378,CLEAN,0.6575,0.0427,0.2997,CLEAN
493,522,2026-06-06 10:15:22+00:00,30.359276005,119.97256736,-37.604665066774004,-112.74883305435918,0.358,0.0666,0.5754,DEGRADED,0.6164,0.0444,0.3392,CLEAN,0.6535,0.0434,0.3031,CLEAN
494,523,2026-06-06 10:15:23+00:00,30.35926892166667,119.97259141166667,-35.29441584427441,-113.53734611419415,0.6426,0.0911,0.2663,CLEAN,0.6998,0.0519,0.2483,CLEAN,0.6621,0.0494,0.2885,CLEAN
495,524,2026-06-06 10:15:24+00:00,30.359268671666666,119.97258981833333,-35.447461251494715,-113.56517598771063,0.6961,0.0678,0.2361,CLEAN,0.6925,0.0382,0.2693,CLEAN,0.6531,0.0426,0.3043,CLEAN
496,525,2026-06-06 10:15:25+00:00,30.359268165,119.97258831,-35.592342100751566,-113.62157786240029,0.6936,0.0575,0.2488,CLEAN,0.6576,0.0337,0.3087,CLEAN,0.649,0.043,0.308,CLEAN
497,526,2026-06-06 10:15:26+00:00,30.35926698,119.97258621833333,-35.79325421917562,-113.75349145912952,0.6732,0.0495,0.2773,CLEAN,0.6157,0.0315,0.3528,CLEAN,0.646,0.0441,0.3099,CLEAN
498,527,2026-06-06 10:15:27+00:00,30.359265963333332,119.97258428166667,-35.97927802860705,-113.86666627516964,0.6497,0.0431,0.3073,CLEAN,0.5799,0.0302,0.3899,CLEAN,0.6477,0.0452,0.3072,CLEAN
499,528,2026-06-06 10:15:28+00:00,30.359265551666667,119.97258307166666,-36.095502889123544,-113.91249279817794,0.6275,0.0378,0.3347,CLEAN,0.5519,0.0292,0.4189,CLEAN,0.6522,0.0457,0.3021,CLEAN
500,529,2026-06-06 10:15:29+00:00,30.359265435,119.97258247666667,-36.152654780203584,-113.92548007253284,0.6029,0.0335,0.3636,CLEAN,0.5239,0.028,0.4481,CLEAN,0.6556,0.0455,0.2989,CLEAN
501,530,2026-06-06 10:15:30+00:00,30.359265408333332,119.97258203833333,-36.19475827589034,-113.92844859236516,0.576,0.0299,0.3941,CLEAN,0.4947,0.027,0.4783,CLEAN,0.6576,0.0453,0.2971,CLEAN
502,531,2026-06-06 10:15:31+00:00,30.359265678333333,119.97258176333334,-36.22117301591698,-113.89839232950553,0.5427,0.0267,0.4306,CLEAN,0.461,0.0258,0.5132,DEGRADED,0.6573,0.045,0.2977,CLEAN
503,532,2026-06-06 10:15:32+00:00,30.359266048333332,119.972581585,-36.23830257606735,-113.85720411851392,0.5093,0.0243,0.4663,CLEAN,0.4293,0.0251,0.5456,DEGRADED,0.655,0.0454,0.2996,CLEAN
504,533,2026-06-06 10:15:33+00:00,30.35926631,119.97258137166666,-36.25879401173229,-113.82807551805764,0.4723,0.023,0.5047,DEGRADED,0.393,0.0247,0.5823,DEGRADED,0.6455,0.0465,0.308,CLEAN
505,534,2026-06-06 10:15:34+00:00,30.359266378333334,119.97258116166667,-36.278965267263835,-113.82046868620861,0.4461,0.0246,0.5293,DEGRADED,0.3594,0.025,0.6156,DEGRADED,0.6227,0.0486,0.3286,CLEAN
506,535,2026-06-06 10:15:35+00:00,30.359266336666668,119.97258071666667,-36.32170912077337,-113.82510699822532,0.4427,0.0233,0.534,DEGRADED,0.3622,0.025,0.6128,DEGRADED,0.6327,0.0488,0.3186,CLEAN
507,536,2026-06-06 10:15:36+00:00,30.359265996666668,119.97258043333333,-36.348924307467485,-113.86295562484814,0.4213,0.0209,0.5577,DEGRADED,0.354,0.024,0.622,DEGRADED,0.6412,0.048,0.3108,CLEAN
508,537,2026-06-06 10:15:37+00:00,30.359265368333332,119.97258002666666,-36.38798610777306,-113.93290137175957,0.3984,0.019,0.5827,DEGRADED,0.3435,0.0235,0.633,DEGRADED,0.6477,0.048,0.3043,CLEAN
509,538,2026-06-06 10:15:38+00:00,30.359264845,119.97257937333333,-36.45074112552542,-113.99115857196402,0.3852,0.0181,0.5967,DEGRADED,0.3382,0.0238,0.6379,DEGRADED,0.6537,0.0489,0.2974,CLEAN
510,539,2026-06-06 10:15:39+00:00,30.35926497333333,119.97257937666667,-36.450420947836044,-113.97687257066931,0.3744,0.0175,0.6081,DEGRADED,0.3337,0.0242,0.642,DEGRADED,0.6593,0.0497,0.2911,CLEAN
511,540,2026-06-06 10:15:40+00:00,30.359264946666666,119.97257945333334,-36.44305683654005,-113.97984109050162,0.3633,0.0173,0.6194,DEGRADED,0.3282,0.0245,0.6472,DEGRADED,0.6628,0.05,0.2871,CLEAN
512,541,2026-06-06 10:15:41+00:00,30.359264733333333,119.97257976666667,-36.41296004330945,-114.00358924845203,0.3522,0.0173,0.6305,DEGRADED,0.3217,0.0247,0.6536,DEGRADED,0.6637,0.05,0.2863,CLEAN
513,542,2026-06-06 10:15:42+00:00,30.359264351666667,119.97258002666666,-36.38798610777306,-114.04607618779968,0.3557,0.0174,0.6269,DEGRADED,0.325,0.025,0.65,DEGRADED,0.6665,0.05,0.2835,CLEAN
514,543,2026-06-06 10:15:43+00:00,30.35926377,119.97258025166667,-36.36637404530723,-114.11082702482751,0.3577,0.0172,0.625,DEGRADED,0.326,0.0248,0.6492,DEGRADED,0.6687,0.0494,0.2819,CLEAN
515,544,2026-06-06 10:15:44+00:00,30.359263038333335,119.97258062666667,-36.33035394527089,-114.1922757851155,0.3659,0.0171,0.617,DEGRADED,0.3316,0.0247,0.6437,DEGRADED,0.6723,0.0488,0.2789,CLEAN
516,545,2026-06-06 10:15:45+00:00,30.35926244,119.97258096666667,-36.29769572074915,-114.25888194765814,0.371,0.0169,0.6121,DEGRADED,0.3347,0.0244,0.6409,DEGRADED,0.675,0.048,0.277,CLEAN
517,546,2026-06-06 10:15:46+00:00,30.35926143,119.97258143833334,-36.2523904383925,-114.37131463320908,0.3704,0.0168,0.6128,DEGRADED,0.3337,0.0241,0.6422,DEGRADED,0.6753,0.0473,0.2775,CLEAN
518,547,2026-06-06 10:15:47+00:00,30.359260061666667,119.97258180166666,-36.217490962713015,-114.52363680281184,0.3738,0.0169,0.6093,DEGRADED,0.3359,0.0242,0.6399,DEGRADED,0.6756,0.0471,0.2774,CLEAN
519,548,2026-06-06 10:15:48+00:00,30.359258615,119.97258206333333,-36.192356935887915,-114.68467899928923,0.38,0.017,0.603,DEGRADED,0.3403,0.0243,0.6354,DEGRADED,0.6767,0.047,0.2763,CLEAN
520,549,2026-06-06 10:15:49+00:00,30.359256475,119.97258202333333,-36.196199080380595,-114.92290270999061,0.3901,0.017,0.5929,DEGRADED,0.3479,0.0244,0.6276,DEGRADED,0.6796,0.0467,0.2737,CLEAN
521,550,2026-06-06 10:15:50+00:00,30.359254288333332,119.97258206666666,-36.19203675819853,-115.16632132986744,0.4043,0.0166,0.5791,DEGRADED,0.3618,0.024,0.6142,DEGRADED,0.6892,0.0451,0.2658,CLEAN
522,551,2026-06-06 10:15:51+00:00,30.35925189,119.97258213,-36.18595336254812,-115.4333025750724,0.4651,0.0163,0.5185,DEGRADED,0.4491,0.0265,0.5244,DEGRADED,0.7444,0.0439,0.2117,CLEAN
523,552,2026-06-06 10:15:52+00:00,30.359249133333332,119.972581725,-36.224855071564974,-115.74017330503727,0.7678,0.0517,0.1805,CLEAN,0.7719,0.0528,0.1752,CLEAN,0.7893,0.0582,0.1525,CLEAN
524,553,2026-06-06 10:15:53+00:00,30.359246131666666,119.972580725,-36.320908674105894,-116.07431730994364,0.7697,0.0512,0.1791,CLEAN,0.7771,0.0525,0.1704,CLEAN,0.7801,0.0636,0.1563,CLEAN
525,554,2026-06-06 10:15:54+00:00,30.359243098333334,119.97257962833334,-36.4262474565231,-116.41198643184106,0.7696,0.0509,0.1795,CLEAN,0.7791,0.0526,0.1683,CLEAN,0.7728,0.0684,0.1588,CLEAN
526,555,2026-06-06 10:15:55+00:00,30.35924118333333,119.97257868,-36.51733829021449,-116.6251632569441,0.773,0.0496,0.1775,CLEAN,0.7807,0.0507,0.1686,CLEAN,0.7735,0.0664,0.16,CLEAN
527,556,2026-06-06 10:15:56+00:00,30.359239655,119.972578625,-36.52262123919743,-116.79529654483262,0.7747,0.0486,0.1767,CLEAN,0.7809,0.0489,0.1702,CLEAN,0.7741,0.064,0.1619,CLEAN
528,557,2026-06-06 10:15:57+00:00,30.359239953333333,119.972579435,-36.444817821163724,-116.76208623022652,0.7746,0.048,0.1774,CLEAN,0.7804,0.0478,0.1718,CLEAN,0.774,0.0626,0.1634,CLEAN
529,558,2026-06-06 10:15:58+00:00,30.359240991666667,119.97258094333333,-36.299936971906874,-116.64649949222095,0.774,0.0477,0.1783,CLEAN,0.7801,0.0472,0.1727,CLEAN,0.7739,0.0618,0.1643,CLEAN
530,559,2026-06-06 10:15:59+00:00,30.359242638333335,119.972582515,-36.14897272699962,-116.46319339735524,0.7722,0.0476,0.1802,CLEAN,0.7787,0.0473,0.174,CLEAN,0.7721,0.0624,0.1655,CLEAN
531,560,2026-06-06 10:16:00+00:00,30.359243983333332,119.9725835,-36.054359928948955,-116.31346868234023,0.7718,0.0474,0.1808,CLEAN,0.7788,0.0469,0.1743,CLEAN,0.772,0.0618,0.1661,CLEAN
532,561,2026-06-06 10:16:01+00:00,30.3592446,119.97258315,-36.08797868898287,-116.24482166307673,0.7692,0.0476,0.1831,CLEAN,0.7763,0.0475,0.1762,CLEAN,0.7693,0.0632,0.1675,CLEAN
533,562,2026-06-06 10:16:02+00:00,30.35924501,119.97258251166667,-36.149292904689,-116.1991806719826,0.7678,0.0479,0.1842,CLEAN,0.7748,0.048,0.1772,CLEAN,0.7676,0.0642,0.1681,CLEAN
534,563,2026-06-06 10:16:03+00:00,30.359245531666666,119.97258252833333,-36.147692011354046,-116.14110900440045,0.7676,0.0482,0.1843,CLEAN,0.7746,0.0482,0.1771,CLEAN,0.7674,0.0645,0.1681,CLEAN
535,564,2026-06-06 10:16:04+00:00,30.359245708333333,119.97258288333333,-36.11359298234204,-116.12144256059987,0.7685,0.0484,0.1831,CLEAN,0.7759,0.048,0.1761,CLEAN,0.769,0.0636,0.1674,CLEAN
536,565,2026-06-06 10:16:05+00:00,30.359245721666667,119.972582905,-36.11151182247303,-116.11995830103777,0.7689,0.0488,0.1824,CLEAN,0.7767,0.0481,0.1752,CLEAN,0.77,0.0633,0.1667,CLEAN
537,566,2026-06-06 10:16:06+00:00,30.359245383333334,119.97258241833333,-36.1582579068759,-116.1576213950383,0.7694,0.049,0.1816,CLEAN,0.7778,0.0482,0.174,CLEAN,0.7716,0.063,0.1654,CLEAN
538,567,2026-06-06 10:16:07+00:00,30.359245033333334,119.97258176833333,-36.22069274938291,-116.19658321739487,0.7696,0.0491,0.1813,CLEAN,0.7785,0.0482,0.1733,CLEAN,0.7725,0.0629,0.1645,CLEAN
539,568,2026-06-06 10:16:08+00:00,30.359244815,119.972581275,-36.2680791940526,-116.22088797250403,0.7689,0.0491,0.182,CLEAN,0.7779,0.0483,0.1738,CLEAN,0.7717,0.0636,0.1647,CLEAN
540,569,2026-06-06 10:16:09+00:00,30.359245171666668,119.97258119333334,-36.27592356943863,-116.18118402107453,0.7667,0.0489,0.1844,CLEAN,0.7752,0.0486,0.1762,CLEAN,0.7682,0.0656,0.1662,CLEAN
541,570,2026-06-06 10:16:10+00:00,30.35924532,119.97258091,-36.30313875613274,-116.16467162972856,0.7657,0.0487,0.1856,CLEAN,0.7736,0.0485,0.1779,CLEAN,0.766,0.0664,0.1675,CLEAN
542,571,2026-06-06 10:16:11+00:00,30.359245333333334,119.97258067166666,-36.326031534244144,-116.16318737016647,0.7645,0.0487,0.1868,CLEAN,0.7716,0.0485,0.1799,CLEAN,0.7631,0.0675,0.1693,CLEAN
543,572,2026-06-06 10:16:12+00:00,30.359245361666666,119.97258046,-36.34636287862038,-116.16003331771185,0.763,0.0487,0.1882,CLEAN,0.7685,0.0486,0.183,CLEAN,0.7585,0.0691,0.1724,CLEAN
544,573,2026-06-06 10:16:13+00:00,30.359245406666666,119.97258043166667,-36.34908439631218,-116.15502394045056,0.7624,0.0488,0.1888,CLEAN,0.7666,0.0485,0.1849,CLEAN,0.7554,0.07,0.1746,CLEAN
545,574,2026-06-06 10:16:14+00:00,30.35924543166667,119.972580355,-36.35644850516414,-116.15224095324054,0.7597,0.0488,0.1914,CLEAN,0.7626,0.0491,0.1883,CLEAN,0.75,0.0725,0.1775,CLEAN
546,575,2026-06-06 10:16:15+00:00,30.35924543166667,119.97258038333334,-36.353726987472335,-116.15224095324054,0.7582,0.0487,0.1931,CLEAN,0.7605,0.0494,0.1901,CLEAN,0.7472,0.0739,0.1789,CLEAN
547,576,2026-06-06 10:16:16+00:00,30.359245465,119.97258042166666,-36.350044934268375,-116.14853030362718,0.7583,0.0486,0.1931,CLEAN,0.7605,0.0492,0.1903,CLEAN,0.7472,0.0736,0.1792,CLEAN
548,577,2026-06-06 10:16:17+00:00,30.359245683333334,119.97258036833334,-36.35516779196259,-116.1242255478099,0.7577,0.0485,0.1938,CLEAN,0.7595,0.0491,0.1914,CLEAN,0.7454,0.0738,0.1808,CLEAN
549,578,2026-06-06 10:16:18+00:00,30.359245941666668,119.972580285,-36.363172258637334,-116.09546801259819,0.7571,0.0485,0.1944,CLEAN,0.7582,0.0491,0.1927,CLEAN,0.7435,0.0742,0.1823,CLEAN
550,579,2026-06-06 10:16:19+00:00,30.359246103333334,119.97258016833334,-36.374378511981966,-116.07747136169013,0.7589,0.0485,0.1925,CLEAN,0.7597,0.0489,0.1914,CLEAN,0.745,0.0735,0.1815,CLEAN
551,580,2026-06-06 10:16:20+00:00,30.359246176666666,119.97258001166666,-36.389426909819285,-116.06930793268235,0.7589,0.0483,0.1928,CLEAN,0.7595,0.0492,0.1912,CLEAN,0.7447,0.0744,0.1809,CLEAN
552,581,2026-06-06 10:16:21+00:00,30.35924621,119.97257979666666,-36.41007843432893,-116.06559728306898,0.7617,0.048,0.1903,CLEAN,0.7623,0.0492,0.1885,CLEAN,0.7486,0.0737,0.1777,CLEAN
553,582,2026-06-06 10:16:22+00:00,30.359246311666666,119.97257964333333,-36.42480665447687,-116.05427980160658,0.7651,0.0481,0.1868,CLEAN,0.7656,0.0492,0.1852,CLEAN,0.7528,0.0724,0.1748,CLEAN
554,583,2026-06-06 10:16:23+00:00,30.359246273333333,119.97257950166667,-36.43841424782393,-116.05854704837871,0.7676,0.0482,0.1842,CLEAN,0.7689,0.0488,0.1823,CLEAN,0.7573,0.0704,0.1723,CLEAN
555,584,2026-06-06 10:16:24+00:00,30.359246231666667,119.972579345,-36.45346264566125,-116.06318536039542,0.7661,0.0481,0.1858,CLEAN,0.7674,0.0492,0.1833,CLEAN,0.7558,0.0714,0.1728,CLEAN
556,585,2026-06-06 10:16:25+00:00,30.359246193333334,119.97257928166667,-36.459546038867636,-116.06745260787567,0.7653,0.0479,0.1867,CLEAN,0.7666,0.0493,0.1841,CLEAN,0.755,0.0718,0.1731,CLEAN
557,586,2026-06-06 10:16:26+00:00,30.359246233333334,119.972579215,-36.46594961465146,-116.06299982848124,0.7661,0.048,0.1859,CLEAN,0.7676,0.049,0.1834,CLEAN,0.7563,0.0711,0.1726,CLEAN
558,587,2026-06-06 10:16:27+00:00,30.359246335,119.972579205,-36.46691015016362,-116.05168234631074,0.7665,0.0481,0.1853,CLEAN,0.7682,0.0489,0.183,CLEAN,0.7569,0.0706,0.1725,CLEAN
559,588,2026-06-06 10:16:28+00:00,30.359246296666665,119.97257916333334,-36.470912383500995,-116.05594959379098,0.7668,0.0482,0.185,CLEAN,0.7685,0.0488,0.1827,CLEAN,0.7574,0.0703,0.1724,CLEAN
560,589,2026-06-06 10:16:29+00:00,30.35924631,119.97257915833333,-36.47139265003506,-116.05446533422888,0.7683,0.0483,0.1834,CLEAN,0.7704,0.0486,0.181,CLEAN,0.7597,0.0692,0.1711,CLEAN
561,590,2026-06-06 10:16:30+00:00,30.35924641,119.97257935333333,-36.45266219899377,-116.04333338468066,0.7686,0.0482,0.1833,CLEAN,0.771,0.0485,0.1805,CLEAN,0.7606,0.0688,0.1706,CLEAN
562,591,2026-06-06 10:16:31+00:00,30.359246433333333,119.97257967,-36.422245223185726,-116.04073593009294,0.7675,0.048,0.1845,CLEAN,0.7701,0.0487,0.1812,CLEAN,0.7598,0.0696,0.1706,CLEAN
563,592,2026-06-06 10:16:32+00:00,30.35924654,119.97257987666667,-36.402394145343564,-116.02886185076368,0.7683,0.048,0.1836,CLEAN,0.7711,0.0486,0.1804,CLEAN,0.7614,0.069,0.1696,CLEAN
564,593,2026-06-06 10:16:33+00:00,30.359246623333334,119.97258007166667,-36.383663694302285,-116.01958522673026,0.769,0.0481,0.183,CLEAN,0.7718,0.0485,0.1797,CLEAN,0.7623,0.0686,0.1691,CLEAN
565,594,2026-06-06 10:16:34+00:00,30.359246745,119.97258031666667,-36.360130560812124,-116.00604135521661,0.7676,0.048,0.1844,CLEAN,0.7702,0.0488,0.181,CLEAN,0.7603,0.0696,0.1701,CLEAN
566,595,2026-06-06 10:16:35+00:00,30.359246921666667,119.97258052833334,-36.33979921643589,-115.98637491212415,0.767,0.0478,0.1852,CLEAN,0.7694,0.0489,0.1817,CLEAN,0.7593,0.0702,0.1705,CLEAN
567,596,2026-06-06 10:16:36+00:00,30.35924706833333,119.97258064833333,-36.32827278295785,-115.97004805340046,0.7656,0.0477,0.1868,CLEAN,0.7678,0.0492,0.183,CLEAN,0.7573,0.0713,0.1714,CLEAN
568,597,2026-06-06 10:16:37+00:00,30.359247243333332,119.97258065,-36.32811269411316,-115.9505671429303,0.7644,0.0475,0.188,CLEAN,0.7665,0.0494,0.1842,CLEAN,0.7555,0.0723,0.1722,CLEAN
569,598,2026-06-06 10:16:38+00:00,30.359247371666665,119.97258056666666,-36.3361171607879,-115.93628114163559,0.7626,0.0474,0.19,CLEAN,0.7641,0.0497,0.1862,CLEAN,0.752,0.0741,0.1739,CLEAN
570,599,2026-06-06 10:16:39+00:00,30.359247456666665,119.972580375,-36.354527434139804,-115.92681898427178,0.7601,0.0473,0.1925,CLEAN,0.7605,0.0503,0.1892,CLEAN,0.7466,0.077,0.1764,CLEAN
571,600,2026-06-06 10:16:40+00:00,30.359247566666667,119.97258017,-36.374218423137286,-115.91457384040604,0.7598,0.0474,0.1927,CLEAN,0.7596,0.0501,0.1903,CLEAN,0.745,0.0776,0.1775,CLEAN
572,601,2026-06-06 10:16:41+00:00,30.359247786666668,119.97257988,-36.40207396765419,-115.89008355267458,0.7617,0.0476,0.1907,CLEAN,0.7616,0.0494,0.189,CLEAN,0.7474,0.0758,0.1768,CLEAN
573,602,2026-06-06 10:16:42+00:00,30.359247975,119.97257970666666,-36.418723258826454,-115.8691183819342,0.7627,0.0477,0.1896,CLEAN,0.7628,0.049,0.1882,CLEAN,0.7487,0.0748,0.1764,CLEAN
574,603,2026-06-06 10:16:43+00:00,30.359248186666665,119.97257949166666,-36.43937478333609,-115.84555575660607,0.7613,0.0477,0.191,CLEAN,0.7611,0.0492,0.1896,CLEAN,0.7467,0.0757,0.1776,CLEAN
575,604,2026-06-06 10:16:44+00:00,30.359248326666666,119.972579335,-36.45442318117341,-115.82997102766345,0.761,0.0477,0.1913,CLEAN,0.7608,0.0493,0.1898,CLEAN,0.7466,0.076,0.1775,CLEAN
576,605,2026-06-06 10:16:45+00:00,30.359248458333333,119.97257921333333,-36.466109703496144,-115.81531396112416,0.7604,0.0477,0.1919,CLEAN,0.7603,0.0496,0.1901,CLEAN,0.7461,0.0765,0.1774,CLEAN
577,606,2026-06-06 10:16:46+00:00,30.359248555,119.97257917666667,-36.469631667855424,-115.80455307682054,0.7579,0.0476,0.1945,CLEAN,0.7573,0.0504,0.1923,CLEAN,0.7418,0.0789,0.1793,CLEAN
578,607,2026-06-06 10:16:47+00:00,30.359248606666668,119.97257918,-36.46931149016604,-115.79880156977819,0.7588,0.0478,0.1934,CLEAN,0.7579,0.0502,0.1919,CLEAN,0.7428,0.0782,0.179,CLEAN
579,608,2026-06-06 10:16:48+00:00,30.359248673333333,119.97257917833333,-36.46947157901073,-115.79138027055146,0.757,0.048,0.195,CLEAN,0.7556,0.0506,0.1937,CLEAN,0.7391,0.0798,0.1811,CLEAN
580,609,2026-06-06 10:16:49+00:00,30.359248833333332,119.97257912666667,-36.47443434786026,-115.77356915226568,0.7557,0.0481,0.1962,CLEAN,0.7537,0.051,0.1954,CLEAN,0.7361,0.0812,0.1827,CLEAN
581,610,2026-06-06 10:16:50+00:00,30.359248956666665,119.972579125,-36.474594436704955,-115.75983974812974,0.7486,0.0483,0.2031,CLEAN,0.744,0.0531,0.2028,CLEAN,0.7205,0.0892,0.1903,CLEAN
582,611,2026-06-06 10:16:51+00:00,30.359249065,119.97257918333334,-36.468991310032635,-115.7477801368863,0.7467,0.0489,0.2044,CLEAN,0.7403,0.054,0.2057,CLEAN,0.7149,0.092,0.193,CLEAN
583,612,2026-06-06 10:16:52+00:00,30.359249188333333,119.97257896833334,-36.48964283454227,-115.73405073275036,0.7467,0.049,0.2042,CLEAN,0.7397,0.054,0.2063,CLEAN,0.7138,0.0924,0.1938,CLEAN
584,613,2026-06-06 10:16:53+00:00,30.359249446666666,119.972578975,-36.489002476719484,-115.70529319753865,0.7472,0.049,0.2038,CLEAN,0.7399,0.0535,0.2067,CLEAN,0.7141,0.0917,0.1942,CLEAN
585,614,2026-06-06 10:16:54+00:00,30.359249983333335,119.972578945,-36.49188408570001,-115.64555173777211,0.7464,0.0488,0.2048,CLEAN,0.7383,0.0535,0.2083,CLEAN,0.7118,0.0927,0.1956,CLEAN
586,615,2026-06-06 10:16:55+00:00,30.359250526666667,119.97257890833333,-36.49540605250331,-115.5850681475164,0.7469,0.0487,0.2043,CLEAN,0.7388,0.0531,0.2081,CLEAN,0.713,0.0918,0.1952,CLEAN
587,616,2026-06-06 10:16:56+00:00,30.359250868333334,119.97257887166667,-36.498928016862585,-115.54703398827128,0.749,0.0487,0.2024,CLEAN,0.7416,0.0524,0.206,CLEAN,0.7171,0.0894,0.1935,CLEAN
588,617,2026-06-06 10:16:57+00:00,30.359250993333333,119.97257861166666,-36.52390195239897,-115.53311905222115,0.7503,0.0486,0.2012,CLEAN,0.7436,0.0519,0.2044,CLEAN,0.72,0.0878,0.1922,CLEAN
589,618,2026-06-06 10:16:58+00:00,30.359250981666666,119.97257832833333,-36.55111714153712,-115.53441777986909,0.7506,0.0486,0.2008,CLEAN,0.7443,0.0519,0.2038,CLEAN,0.7206,0.0875,0.1918,CLEAN
590,619,2026-06-06 10:16:59+00:00,30.359251141666668,119.97257781833333,-36.60010447709773,-115.51660666087518,0.7525,0.0487,0.1988,CLEAN,0.7467,0.0517,0.2016,CLEAN,0.7239,0.0859,0.1902,CLEAN
591,620,2026-06-06 10:17:00+00:00,30.359251223333334,119.97257704166667,-36.67470610846154,-115.50751556875595,0.7553,0.0487,0.196,CLEAN,0.7505,0.0511,0.1983,CLEAN,0.7293,0.0832,0.1874,CLEAN
592,621,2026-06-06 10:17:01+00:00,30.359250891666665,119.972575685,-36.80501882885916,-115.54443653368355,0.7581,0.0487,0.1932,CLEAN,0.7544,0.0506,0.195,CLEAN,0.7353,0.0803,0.1844,CLEAN
593,622,2026-06-06 10:17:02+00:00,30.359250825,119.97257386,-36.98031665392405,-115.55185783291027,0.7589,0.0487,0.1924,CLEAN,0.7559,0.0505,0.1936,CLEAN,0.7378,0.0792,0.183,CLEAN
594,623,2026-06-06 10:17:03+00:00,30.359251360000002,119.97257276666667,-37.08533525620784,-115.4923019050579,0.7608,0.0488,0.1905,CLEAN,0.7585,0.0501,0.1915,CLEAN,0.742,0.077,0.181,CLEAN
595,624,2026-06-06 10:17:04+00:00,30.359251895,119.97257233333333,-37.12695848536053,-115.43274597791365,0.7567,0.0486,0.1947,CLEAN,0.7539,0.0512,0.1949,CLEAN,0.7353,0.0805,0.1842,CLEAN
596,625,2026-06-06 10:17:05+00:00,30.359252486666666,119.97257266666666,-37.09494061866157,-115.36688194586017,0.7521,0.0486,0.1993,CLEAN,0.7478,0.0526,0.1996,CLEAN,0.7262,0.0852,0.1886,CLEAN
597,626,2026-06-06 10:17:06+00:00,30.359253221666666,119.97257295166666,-37.067565340678726,-115.28506212032761,0.7537,0.0489,0.1974,CLEAN,0.7495,0.0519,0.1986,CLEAN,0.7291,0.0834,0.1876,CLEAN
598,627,2026-06-06 10:17:07+00:00,30.359253653333333,119.97257297166666,-37.0656442696544,-115.23700920655992,0.7525,0.0489,0.1986,CLEAN,0.7483,0.0518,0.1999,CLEAN,0.7268,0.0841,0.1892,CLEAN
599,628,2026-06-06 10:17:08+00:00,30.359254056666668,119.972572875,-37.07492945197471,-115.19211034524683,0.7532,0.0489,0.1979,CLEAN,0.7489,0.0513,0.1998,CLEAN,0.728,0.083,0.189,CLEAN
600,629,2026-06-06 10:17:09+00:00,30.359255156666666,119.97257238666667,-37.12183562522228,-115.0696589051733,0.7536,0.0489,0.1974,CLEAN,0.7495,0.051,0.1996,CLEAN,0.7289,0.0822,0.1889,CLEAN
601,630,2026-06-06 10:17:10+00:00,30.359255325,119.97257194,-37.16473957002053,-115.05092012448418,0.7544,0.0489,0.1968,CLEAN,0.7506,0.0507,0.1987,CLEAN,0.7306,0.0813,0.1881,CLEAN
602,631,2026-06-06 10:17:11+00:00,30.359256021666667,119.97257143666667,-37.21308654775835,-114.97336754572375,0.7564,0.0488,0.1948,CLEAN,0.7535,0.0502,0.1963,CLEAN,0.7347,0.0794,0.1859,CLEAN
603,632,2026-06-06 10:17:12+00:00,30.359256615,119.97257110833333,-37.244624147923254,-114.90731798104798,0.7522,0.0486,0.1992,CLEAN,0.749,0.0514,0.1996,CLEAN,0.7283,0.0828,0.1888,CLEAN
604,633,2026-06-06 10:17:13+00:00,30.359257291666665,119.97257124166667,-37.23181700124367,-114.8319917923388,0.7519,0.0487,0.1994,CLEAN,0.7483,0.0516,0.2001,CLEAN,0.7278,0.0833,0.1889,CLEAN
605,634,2026-06-06 10:17:14+00:00,30.359257441666667,119.972571165,-37.23918111009562,-114.81529386907866,0.7516,0.0487,0.1996,CLEAN,0.7479,0.0516,0.2005,CLEAN,0.7272,0.0835,0.1893,CLEAN
606,635,2026-06-06 10:17:15+00:00,30.359257651666667,119.97257105833333,-37.2494268279281,-114.79191677566472,0.749,0.0487,0.2023,CLEAN,0.7445,0.0524,0.2032,CLEAN,0.7219,0.0861,0.192,CLEAN
