window,end_epoch,timestamp,lat,lon,x,y,p_clean_5s,p_warning_5s,p_degraded_5s,pred_5s,p_clean_15s,p_warning_15s,p_degraded_15s,pred_15s,p_clean_30s,p_warning_30s,p_degraded_30s,pred_30s
0,29,2026-06-06 08:07:48+00:00,30.359592686666666,119.97033349833333,0.138158083366093,0.14638512993811348,0.7733,0.0473,0.1795,CLEAN,0.7754,0.0489,0.1756,CLEAN,0.7685,0.0693,0.1622,CLEAN
1,30,2026-06-06 08:07:49+00:00,30.359592656666667,119.97033352,0.14023925807495724,0.14304554556933058,0.7735,0.0473,0.1792,CLEAN,0.7757,0.0489,0.1754,CLEAN,0.7689,0.0693,0.1618,CLEAN
2,31,2026-06-06 08:07:50+00:00,30.359592635,119.97033358,0.14600251713100548,0.14063362289577364,0.774,0.0473,0.1786,CLEAN,0.7762,0.0489,0.1749,CLEAN,0.7697,0.0691,0.1611,CLEAN
3,32,2026-06-06 08:07:51+00:00,30.359592581666668,119.97033363666667,0.1514455937705803,0.13469658393925787,0.7744,0.0474,0.1782,CLEAN,0.7767,0.0489,0.1744,CLEAN,0.7705,0.0689,0.1606,CLEAN
4,33,2026-06-06 08:07:52+00:00,30.359592573333334,119.97033367666667,0.15528776321588272,0.13376892153591646,0.7747,0.0474,0.178,CLEAN,0.7771,0.0489,0.174,CLEAN,0.7711,0.0687,0.1602,CLEAN
5,34,2026-06-06 08:07:53+00:00,30.359592521666666,119.97033367666667,0.15528776321588272,0.12801741449357662,0.7747,0.0474,0.1779,CLEAN,0.7772,0.0489,0.174,CLEAN,0.7712,0.0686,0.1601,CLEAN
6,35,2026-06-06 08:07:54+00:00,30.359592460000002,119.97033371833334,0.1592900275354928,0.12115271242560399,0.7749,0.0474,0.1778,CLEAN,0.7773,0.0489,0.1738,CLEAN,0.7715,0.0686,0.1599,CLEAN
7,36,2026-06-06 08:07:55+00:00,30.35959239,119.97033372166666,0.1596102075079189,0.11336034795428995,0.7755,0.0475,0.1771,CLEAN,0.7781,0.0487,0.1732,CLEAN,0.7725,0.068,0.1595,CLEAN
8,37,2026-06-06 08:07:56+00:00,30.359592321666668,119.97033375833334,0.1631321969807952,0.10575351610526729,0.7759,0.0475,0.1766,CLEAN,0.7786,0.0486,0.1727,CLEAN,0.7732,0.0676,0.1592,CLEAN
9,38,2026-06-06 08:07:57+00:00,30.359592271666667,119.97033377166667,0.1644129217585942,0.10018754168521882,0.7756,0.0475,0.1769,CLEAN,0.7783,0.0487,0.173,CLEAN,0.7728,0.0678,0.1593,CLEAN
10,39,2026-06-06 08:07:58+00:00,30.359592228333334,119.97033380833334,0.16793491123147053,0.09536369704622039,0.7755,0.0475,0.177,CLEAN,0.7782,0.0488,0.173,CLEAN,0.7728,0.068,0.1592,CLEAN
11,40,2026-06-06 08:07:59+00:00,30.35959221,119.97033385666667,0.1725775354959328,0.09332283961724619,0.7761,0.0475,0.1764,CLEAN,0.779,0.0486,0.1724,CLEAN,0.7738,0.0674,0.1588,CLEAN
12,41,2026-06-06 08:08:00+00:00,30.359592165,119.97033390833333,0.17754033973282118,0.08831346235595638,0.7766,0.0476,0.1758,CLEAN,0.7798,0.0485,0.1717,CLEAN,0.7748,0.0669,0.1583,CLEAN
13,42,2026-06-06 08:08:01+00:00,30.35959211666667,119.970333955,0.1820228740110704,0.08293302055819929,0.7763,0.0476,0.1761,CLEAN,0.7795,0.0486,0.1719,CLEAN,0.7744,0.0672,0.1584,CLEAN
14,43,2026-06-06 08:08:02+00:00,30.359592083333332,119.97033398333333,0.18474441110883416,0.07922237094483364,0.7767,0.0476,0.1757,CLEAN,0.7799,0.0485,0.1715,CLEAN,0.7751,0.0668,0.1581,CLEAN
15,44,2026-06-06 08:08:03+00:00,30.35959207166667,119.97033396666667,0.18314350880265634,0.07792364329690948,0.7763,0.0476,0.1761,CLEAN,0.7795,0.0486,0.1719,CLEAN,0.7745,0.0672,0.1583,CLEAN
16,45,2026-06-06 08:08:04+00:00,30.359592065,119.97033402666666,0.18890676541465728,0.07718151351585945,0.7761,0.0475,0.1764,CLEAN,0.7792,0.0487,0.1722,CLEAN,0.7741,0.0674,0.1585,CLEAN
17,46,2026-06-06 08:08:05+00:00,30.359592033333332,119.97033403333333,0.1895471253595095,0.07365639581666972,0.7759,0.0475,0.1766,CLEAN,0.7789,0.0487,0.1724,CLEAN,0.7737,0.0677,0.1586,CLEAN
18,47,2026-06-06 08:08:06+00:00,30.359592036666665,119.97033405333333,0.191468212526208,0.07402746106125246,0.7764,0.0475,0.1761,CLEAN,0.7794,0.0486,0.172,CLEAN,0.7743,0.0672,0.1584,CLEAN
19,48,2026-06-06 08:08:07+00:00,30.359592061666667,119.97033404333334,0.19050767016488238,0.07681044897939215,0.7768,0.0475,0.1757,CLEAN,0.78,0.0485,0.1715,CLEAN,0.775,0.0669,0.1581,CLEAN
20,49,2026-06-06 08:08:08+00:00,30.359592048333333,119.970334045,0.19066776015109543,0.07532618870917662,0.777,0.0476,0.1754,CLEAN,0.7804,0.0484,0.1712,CLEAN,0.7755,0.0666,0.1579,CLEAN
21,50,2026-06-06 08:08:09+00:00,30.359592058333334,119.97033403166667,0.18938703537329643,0.07643938373480941,0.7765,0.0475,0.176,CLEAN,0.7798,0.0485,0.1717,CLEAN,0.7749,0.067,0.1581,CLEAN
22,51,2026-06-06 08:08:10+00:00,30.359592043333333,119.97033406333334,0.1924287548875336,0.0747695908423025,0.7763,0.0475,0.1763,CLEAN,0.7795,0.0486,0.1719,CLEAN,0.7745,0.0673,0.1581,CLEAN
23,52,2026-06-06 08:08:11+00:00,30.35959207333333,119.97033409833334,0.19579065681824417,0.07810917591920086,0.7761,0.0475,0.1764,CLEAN,0.7794,0.0486,0.172,CLEAN,0.7744,0.0675,0.1582,CLEAN
24,53,2026-06-06 08:08:12+00:00,30.359592043333333,119.97033411166667,0.19707137915199588,0.0747695908423025,0.7761,0.0474,0.1765,CLEAN,0.7793,0.0486,0.1721,CLEAN,0.7742,0.0676,0.1582,CLEAN
25,54,2026-06-06 08:08:13+00:00,30.359592051666667,119.970334115,0.19739155912442197,0.07569725395375937,0.776,0.0474,0.1766,CLEAN,0.7791,0.0486,0.1723,CLEAN,0.7739,0.0678,0.1584,CLEAN
26,55,2026-06-06 08:08:14+00:00,30.359592001666666,119.97033414,0.19979291869380694,0.07013127882559544,0.7759,0.0474,0.1767,CLEAN,0.7789,0.0487,0.1724,CLEAN,0.7736,0.0679,0.1585,CLEAN
27,56,2026-06-06 08:08:15+00:00,30.35959198833333,119.97033414333333,0.20011309866623303,0.06864701926349537,0.7758,0.0474,0.1768,CLEAN,0.7788,0.0487,0.1726,CLEAN,0.7734,0.068,0.1586,CLEAN
28,57,2026-06-06 08:08:16+00:00,30.35959199,119.97033413333334,0.1991525563049074,0.06883255117767129,0.7757,0.0474,0.1769,CLEAN,0.7785,0.0487,0.1727,CLEAN,0.7732,0.0681,0.1587,CLEAN
29,58,2026-06-06 08:08:17+00:00,30.359591918333333,119.970334115,0.19739155912442197,0.06085465479218133,0.7756,0.0474,0.177,CLEAN,0.7783,0.0487,0.1729,CLEAN,0.773,0.0682,0.1588,CLEAN
30,59,2026-06-06 08:08:18+00:00,30.35959188,119.970334085,0.19450993204044514,0.05658740802005702,0.7755,0.0474,0.1771,CLEAN,0.7783,0.0487,0.173,CLEAN,0.7729,0.0683,0.1588,CLEAN
31,60,2026-06-06 08:08:19+00:00,30.359591868333332,119.97033405666667,0.1917883949426814,0.05528868037213286,0.7755,0.0474,0.1771,CLEAN,0.7783,0.0487,0.1729,CLEAN,0.7729,0.0683,0.1588,CLEAN
32,61,2026-06-06 08:08:20+00:00,30.359591845,119.97033404166666,0.19034757773462205,0.0526912257844,0.7754,0.0474,0.1772,CLEAN,0.7781,0.0488,0.1731,CLEAN,0.7726,0.0684,0.159,CLEAN
33,62,2026-06-06 08:08:21+00:00,30.359591816666665,119.97033400666666,0.18698567824795878,0.049537173329793016,0.7752,0.0474,0.1773,CLEAN,0.7778,0.0488,0.1734,CLEAN,0.7723,0.0685,0.1592,CLEAN
34,63,2026-06-06 08:08:22+00:00,30.359591811666668,119.97033396666667,0.18314350880265634,0.04898057617103435,0.7752,0.0474,0.1773,CLEAN,0.7778,0.0488,0.1734,CLEAN,0.7722,0.0685,0.1592,CLEAN
35,64,2026-06-06 08:08:23+00:00,30.359591808333334,119.970333955,0.1820228740110704,0.048609510926451605,0.7753,0.0475,0.1772,CLEAN,0.7779,0.0488,0.1733,CLEAN,0.7724,0.0685,0.1591,CLEAN
36,65,2026-06-06 08:08:24+00:00,30.359591841666667,119.9703339,0.17673988735770862,0.05232016053981725,0.7754,0.0475,0.1771,CLEAN,0.778,0.0488,0.1732,CLEAN,0.7725,0.0684,0.1591,CLEAN
37,66,2026-06-06 08:08:25+00:00,30.35959189,119.97033387833334,0.17465871264884436,0.0577006030456898,0.7754,0.0475,0.1771,CLEAN,0.7781,0.0488,0.1731,CLEAN,0.7727,0.0683,0.159,CLEAN
38,67,2026-06-06 08:08:26+00:00,30.359591913333333,119.97033384833334,0.17177708312082024,0.060298057633422664,0.7754,0.0474,0.1771,CLEAN,0.7781,0.0488,0.1731,CLEAN,0.7727,0.0683,0.159,CLEAN
39,68,2026-06-06 08:08:27+00:00,30.359591905,119.970333795,0.16665418889771882,0.0593703945219658,0.7755,0.0474,0.1771,CLEAN,0.7781,0.0488,0.1731,CLEAN,0.7727,0.0683,0.1589,CLEAN
40,69,2026-06-06 08:08:28+00:00,30.359591935,119.97033375666666,0.16297210699458217,0.06270997959886415,0.7754,0.0475,0.1771,CLEAN,0.778,0.0488,0.1732,CLEAN,0.7726,0.0684,0.159,CLEAN
41,70,2026-06-06 08:08:29+00:00,30.35959192,119.970333715,0.15896984511901938,0.0610401874144727,0.7754,0.0475,0.1771,CLEAN,0.7779,0.0489,0.1733,CLEAN,0.7724,0.0685,0.1591,CLEAN
42,71,2026-06-06 08:08:30+00:00,30.359591931666667,119.97033366833334,0.15448731328481746,0.06233891506239686,0.7755,0.0475,0.177,CLEAN,0.778,0.0489,0.1732,CLEAN,0.7725,0.0684,0.159,CLEAN
43,72,2026-06-06 08:08:31+00:00,30.359591941666668,119.970333635,0.15128550134031996,0.06345211008802965,0.7758,0.0475,0.1767,CLEAN,0.7783,0.0488,0.1729,CLEAN,0.773,0.0683,0.1587,CLEAN
44,73,2026-06-06 08:08:32+00:00,30.359591906666665,119.97033359833334,0.14776351186744363,0.05955592714425717,0.776,0.0475,0.1766,CLEAN,0.7785,0.0488,0.1727,CLEAN,0.7733,0.0682,0.1585,CLEAN
45,74,2026-06-06 08:08:33+00:00,30.359591865,119.97033355,0.14312088760298136,0.05491761512755011,0.7762,0.0475,0.1763,CLEAN,0.7788,0.0488,0.1724,CLEAN,0.7738,0.068,0.1582,CLEAN
46,75,2026-06-06 08:08:34+00:00,30.359591843333334,119.97033353833334,0.14200025525544271,0.052505693162108624,0.7764,0.0475,0.1761,CLEAN,0.779,0.0488,0.1722,CLEAN,0.7741,0.0679,0.158,CLEAN
47,76,2026-06-06 08:08:35+00:00,30.359591823333332,119.97033347,0.13543654382428194,0.050279303110843054,0.7765,0.0475,0.176,CLEAN,0.7792,0.0488,0.1721,CLEAN,0.7743,0.0678,0.1578,CLEAN
48,77,2026-06-06 08:08:36+00:00,30.359591875,119.97033345166666,0.13367554908784376,0.0560308101531829,0.7766,0.0475,0.1759,CLEAN,0.7793,0.0488,0.172,CLEAN,0.7745,0.0678,0.1577,CLEAN
49,78,2026-06-06 08:08:37+00:00,30.35959191,119.9703334,0.1287127448509554,0.05992699238883992,0.7767,0.0475,0.1758,CLEAN,0.7794,0.0488,0.1719,CLEAN,0.7746,0.0678,0.1576,CLEAN
50,79,2026-06-06 08:08:38+00:00,30.359591966666667,119.970333415,0.13015355961496747,0.06623509658993842,0.7768,0.0475,0.1758,CLEAN,0.7795,0.0487,0.1718,CLEAN,0.7747,0.0677,0.1575,CLEAN
51,80,2026-06-06 08:08:39+00:00,30.35959195,119.97033337833334,0.12663156769804385,0.0643797717832556,0.777,0.0475,0.1755,CLEAN,0.7797,0.0487,0.1716,CLEAN,0.7751,0.0676,0.1573,CLEAN
52,81,2026-06-06 08:08:40+00:00,30.359591976666668,119.97033335333333,0.12423021057270618,0.06734829161557121,0.7771,0.0475,0.1754,CLEAN,0.7799,0.0487,0.1714,CLEAN,0.7754,0.0675,0.1571,CLEAN
53,82,2026-06-06 08:08:41+00:00,30.359591996666666,119.97033330166667,0.11926740633581781,0.06957468166683678,0.7772,0.0475,0.1753,CLEAN,0.7801,0.0487,0.1713,CLEAN,0.7756,0.0675,0.1569,CLEAN
54,83,2026-06-06 08:08:42+00:00,30.359592001666666,119.97033330833334,0.11990776872471731,0.07013127882559544,0.7773,0.0475,0.1752,CLEAN,0.7802,0.0487,0.1711,CLEAN,0.7758,0.0674,0.1568,CLEAN
55,84,2026-06-06 08:08:43+00:00,30.359591985,119.97033327666666,0.11686604921048015,0.06827595472702808,0.7774,0.0475,0.1751,CLEAN,0.7803,0.0487,0.171,CLEAN,0.776,0.0674,0.1566,CLEAN
56,85,2026-06-06 08:08:44+00:00,30.359592,119.97033323166667,0.11254360736249128,0.06994574620330407,0.7774,0.0475,0.1751,CLEAN,0.7804,0.0487,0.171,CLEAN,0.7762,0.0673,0.1565,CLEAN
57,86,2026-06-06 08:08:45+00:00,30.359591978333334,119.97033319333333,0.10886152545935461,0.06753382423786258,0.7775,0.0475,0.175,CLEAN,0.7805,0.0487,0.1709,CLEAN,0.7763,0.0673,0.1564,CLEAN
58,87,2026-06-06 08:08:46+00:00,30.359591973333334,119.97033315166667,0.10485926358379184,0.06697722707910392,0.7775,0.0475,0.1749,CLEAN,0.7805,0.0487,0.1708,CLEAN,0.7764,0.0672,0.1563,CLEAN
59,88,2026-06-06 08:08:47+00:00,30.359591975,119.97033313,0.10277808643088028,0.06716275970139529,0.7776,0.0475,0.1749,CLEAN,0.7806,0.0487,0.1707,CLEAN,0.7766,0.0672,0.1562,CLEAN
60,89,2026-06-06 08:08:48+00:00,30.359591975,119.97033312833334,0.10261799644466722,0.06716275970139529,0.7776,0.0475,0.1748,CLEAN,0.7807,0.0487,0.1707,CLEAN,0.7767,0.0672,0.1561,CLEAN
61,90,2026-06-06 08:08:49+00:00,30.359592013333334,119.97033315166667,0.10485926358379184,0.0714300064735196,0.7777,0.0475,0.1748,CLEAN,0.7808,0.0486,0.1706,CLEAN,0.7768,0.0671,0.156,CLEAN
62,91,2026-06-06 08:08:50+00:00,30.359592015,119.97033312333333,0.10213772648602808,0.07161553909581098,0.7777,0.0476,0.1747,CLEAN,0.7809,0.0486,0.1705,CLEAN,0.777,0.0671,0.1559,CLEAN
63,92,2026-06-06 08:08:51+00:00,30.359592031666665,119.97033313666667,0.10341844881977978,0.0734708639024938,0.7778,0.0476,0.1747,CLEAN,0.7809,0.0486,0.1704,CLEAN,0.7771,0.0671,0.1559,CLEAN
64,93,2026-06-06 08:08:52+00:00,30.359592065,119.97033313833333,0.10357853880599283,0.07718151351585945,0.7778,0.0476,0.1746,CLEAN,0.781,0.0486,0.1704,CLEAN,0.7772,0.067,0.1558,CLEAN
65,94,2026-06-06 08:08:53+00:00,30.359592078333332,119.970333125,0.10229781647224112,0.07866577307795952,0.7778,0.0476,0.1746,CLEAN,0.7811,0.0486,0.1703,CLEAN,0.7773,0.067,0.1557,CLEAN
66,95,2026-06-06 08:08:54+00:00,30.35959212,119.97033314166667,0.10389872122246624,0.08330408509466658,0.7779,0.0476,0.1745,CLEAN,0.7811,0.0486,0.1702,CLEAN,0.7774,0.067,0.1556,CLEAN
67,96,2026-06-06 08:08:55+00:00,30.359592146666667,119.97033315333333,0.10501935357000489,0.08627260563509764,0.7779,0.0476,0.1745,CLEAN,0.7812,0.0486,0.1702,CLEAN,0.7775,0.067,0.1555,CLEAN
68,97,2026-06-06 08:08:56+00:00,30.35959215,119.97033313333333,0.10309826640330638,0.08664367017156493,0.778,0.0476,0.1744,CLEAN,0.7813,0.0486,0.1701,CLEAN,0.7777,0.0669,0.1554,CLEAN
69,98,2026-06-06 08:08:57+00:00,30.359592121666665,119.97033312333333,0.10213772648602808,0.08348961771695795,0.778,0.0476,0.1744,CLEAN,0.7814,0.0486,0.17,CLEAN,0.7778,0.0669,0.1553,CLEAN
70,99,2026-06-06 08:08:58+00:00,30.359592135,119.9703331,0.09989645934690347,0.08497387798717349,0.778,0.0476,0.1744,CLEAN,0.7814,0.0486,0.17,CLEAN,0.7778,0.0669,0.1553,CLEAN
71,100,2026-06-06 08:08:59+00:00,30.359592166666665,119.97033304166666,0.09429329272111558,0.08849899497824776,0.7781,0.0476,0.1743,CLEAN,0.7815,0.0486,0.1699,CLEAN,0.7779,0.0669,0.1552,CLEAN
72,101,2026-06-06 08:09:00+00:00,30.359592141666667,119.970332995,0.08981075844286637,0.08571600776822352,0.7781,0.0476,0.1743,CLEAN,0.7815,0.0486,0.1699,CLEAN,0.778,0.0668,0.1552,CLEAN
73,102,2026-06-06 08:09:01+00:00,30.35959211833333,119.970332965,0.08692912891484225,0.08311855318049066,0.7781,0.0476,0.1743,CLEAN,0.7816,0.0486,0.1698,CLEAN,0.7781,0.0668,0.1551,CLEAN
74,103,2026-06-06 08:09:02+00:00,30.359592103333334,119.97033293,0.08356722942817899,0.08144876099609921,0.7781,0.0476,0.1743,CLEAN,0.7816,0.0486,0.1698,CLEAN,0.7781,0.0668,0.1551,CLEAN
75,104,2026-06-06 08:09:03+00:00,30.359592098333334,119.970332925,0.08308695702549254,0.08089216312922509,0.7781,0.0476,0.1742,CLEAN,0.7816,0.0486,0.1698,CLEAN,0.7782,0.0668,0.155,CLEAN
76,105,2026-06-06 08:09:04+00:00,30.359592065,119.97033291333334,0.08196632467795388,0.07718151351585945,0.7786,0.0477,0.1737,CLEAN,0.7824,0.0484,0.1692,CLEAN,0.7791,0.0662,0.1547,CLEAN
77,106,2026-06-06 08:09:05+00:00,30.359592075,119.97033286833333,0.07764388282996501,0.07829470854149223,0.7783,0.0477,0.174,CLEAN,0.7821,0.0485,0.1694,CLEAN,0.7788,0.0663,0.1549,CLEAN
78,107,2026-06-06 08:09:06+00:00,30.359592053333333,119.97033286166666,0.07700352044106551,0.07588278586793529,0.7787,0.0477,0.1736,CLEAN,0.7826,0.0484,0.169,CLEAN,0.7795,0.0659,0.1546,CLEAN
79,108,2026-06-06 08:09:07+00:00,30.359592056666667,119.97033285166667,0.0760429780797399,0.07625385111251803,0.7789,0.0477,0.1734,CLEAN,0.7832,0.0483,0.1686,CLEAN,0.7801,0.0655,0.1544,CLEAN
80,109,2026-06-06 08:09:08+00:00,30.359592078333332,119.97033285666667,0.07652325048242635,0.07866577307795952,0.7791,0.0478,0.1731,CLEAN,0.7837,0.0482,0.1681,CLEAN,0.7808,0.0651,0.1541,CLEAN
81,110,2026-06-06 08:09:09+00:00,30.359592106666668,119.97033286,0.07684343045485245,0.0818198255325665,0.7793,0.0478,0.173,CLEAN,0.7841,0.0482,0.1677,CLEAN,0.7814,0.0648,0.1538,CLEAN
82,111,2026-06-06 08:09:10+00:00,30.359592088333333,119.97033288,0.07876451517750367,0.07977896810359231,0.7794,0.0478,0.1728,CLEAN,0.7846,0.0481,0.1673,CLEAN,0.7819,0.0646,0.1535,CLEAN
83,112,2026-06-06 08:09:11+00:00,30.359592108333334,119.97033288666667,0.07940487756640317,0.08200535815485788,0.7796,0.0478,0.1726,CLEAN,0.785,0.048,0.167,CLEAN,0.7825,0.0643,0.1532,CLEAN
84,113,2026-06-06 08:09:12+00:00,30.359592131666666,119.97033289666666,0.08036541992772878,0.08460281274259074,0.7791,0.0477,0.1732,CLEAN,0.7845,0.0481,0.1674,CLEAN,0.7819,0.0647,0.1534,CLEAN
85,114,2026-06-06 08:09:13+00:00,30.359592173333333,119.97033290833333,0.08148605471931473,0.0892411247592978,0.7788,0.0477,0.1735,CLEAN,0.784,0.0482,0.1678,CLEAN,0.7812,0.0651,0.1537,CLEAN
86,115,2026-06-06 08:09:14+00:00,30.359592155,119.97033289,0.07972505753882927,0.08720026803843905,0.7785,0.0477,0.1738,CLEAN,0.7835,0.0483,0.1682,CLEAN,0.7806,0.0654,0.154,CLEAN
87,116,2026-06-06 08:09:15+00:00,30.359592168333332,119.97033290166667,0.08084569233041522,0.08868452760053913,0.7788,0.0477,0.1735,CLEAN,0.7838,0.0482,0.168,CLEAN,0.7808,0.0652,0.154,CLEAN
88,117,2026-06-06 08:09:16+00:00,30.35959216,119.97033289833334,0.08052551235798912,0.08775686519719772,0.7789,0.0477,0.1734,CLEAN,0.784,0.0481,0.1679,CLEAN,0.781,0.065,0.1541,CLEAN
89,118,2026-06-06 08:09:17+00:00,30.359592146666667,119.970332885,0.07924478758019012,0.08627260563509764,0.779,0.0477,0.1733,CLEAN,0.7841,0.0481,0.1678,CLEAN,0.7811,0.0648,0.154,CLEAN
90,119,2026-06-06 08:09:18+00:00,30.359592126666666,119.97033287833334,0.07860442519129061,0.08404621558383207,0.779,0.0477,0.1732,CLEAN,0.7843,0.048,0.1676,CLEAN,0.7814,0.0647,0.1539,CLEAN
91,120,2026-06-06 08:09:19+00:00,30.359592098333334,119.97033289666666,0.08036541992772878,0.08089216312922509,0.7791,0.0477,0.1732,CLEAN,0.7847,0.048,0.1673,CLEAN,0.7819,0.0645,0.1536,CLEAN
92,121,2026-06-06 08:09:20+00:00,30.359592083333332,119.97033290166667,0.08084569233041522,0.07922237094483364,0.7786,0.0476,0.1738,CLEAN,0.7841,0.0481,0.1679,CLEAN,0.7811,0.0649,0.1539,CLEAN
93,122,2026-06-06 08:09:21+00:00,30.35959205,119.97033293666667,0.08420759181707849,0.075511721331468,0.7782,0.0476,0.1742,CLEAN,0.7835,0.0482,0.1683,CLEAN,0.7804,0.0653,0.1542,CLEAN
94,123,2026-06-06 08:09:22+00:00,30.359592031666665,119.970332935,0.08404750183086544,0.0734708639024938,0.7785,0.0476,0.1739,CLEAN,0.7839,0.0481,0.1681,CLEAN,0.7808,0.065,0.1542,CLEAN
95,124,2026-06-06 08:09:23+00:00,30.359592018333334,119.97033295833333,0.08628876652594275,0.07198660434039372,0.7787,0.0477,0.1737,CLEAN,0.7841,0.048,0.1678,CLEAN,0.781,0.0648,0.1542,CLEAN
96,125,2026-06-06 08:09:24+00:00,30.359592001666666,119.97033292666667,0.08324704945575288,0.07013127882559544,0.7788,0.0477,0.1736,CLEAN,0.7843,0.048,0.1677,CLEAN,0.7813,0.0646,0.1541,CLEAN
97,126,2026-06-06 08:09:25+00:00,30.359592026666668,119.97033299,0.08933048848422721,0.07291426674373513,0.7788,0.0477,0.1735,CLEAN,0.7846,0.048,0.1675,CLEAN,0.7816,0.0645,0.1539,CLEAN
98,127,2026-06-06 08:09:26+00:00,30.35959205,119.97033299666667,0.08997084842907942,0.075511721331468,0.7789,0.0477,0.1734,CLEAN,0.785,0.0479,0.1671,CLEAN,0.7822,0.0642,0.1536,CLEAN
99,128,2026-06-06 08:09:27+00:00,30.359592043333333,119.97033300333334,0.09061121081797892,0.0747695908423025,0.7789,0.0477,0.1734,CLEAN,0.7853,0.0479,0.1668,CLEAN,0.7827,0.064,0.1533,CLEAN
100,129,2026-06-06 08:09:28+00:00,30.35959204,119.97033299833333,0.09013093841529247,0.07439852630583521,0.7788,0.0477,0.1735,CLEAN,0.7853,0.0478,0.1668,CLEAN,0.7827,0.064,0.1533,CLEAN
101,130,2026-06-06 08:09:29+00:00,30.359592068333335,119.97033298833334,0.08917039605396687,0.07755257876044219,0.7787,0.0477,0.1736,CLEAN,0.7851,0.0478,0.167,CLEAN,0.7824,0.0641,0.1535,CLEAN
102,131,2026-06-06 08:09:30+00:00,30.35959211,119.97033302666667,0.09285247795710354,0.08219089077714925,0.7786,0.0477,0.1737,CLEAN,0.785,0.0479,0.1672,CLEAN,0.7822,0.0641,0.1537,CLEAN
103,132,2026-06-06 08:09:31+00:00,30.359592136666667,119.97033303333333,0.09349284034600304,0.08515941060946486,0.7779,0.0476,0.1745,CLEAN,0.7839,0.048,0.1681,CLEAN,0.7808,0.0649,0.1544,CLEAN
104,133,2026-06-06 08:09:32+00:00,30.359592185,119.97033303666667,0.09381302031842914,0.09053985240722195,0.7775,0.0476,0.1749,CLEAN,0.7831,0.0482,0.1687,CLEAN,0.7798,0.0654,0.1549,CLEAN
105,134,2026-06-06 08:09:33+00:00,30.35959221,119.97033304166666,0.09429329272111558,0.09332283961724619,0.7778,0.0477,0.1745,CLEAN,0.7836,0.0481,0.1684,CLEAN,0.7803,0.065,0.1547,CLEAN
106,135,2026-06-06 08:09:34+00:00,30.35959225,119.97033311166666,0.10101709169444212,0.09777561901166187,0.778,0.0477,0.1743,CLEAN,0.784,0.048,0.168,CLEAN,0.7808,0.0647,0.1545,CLEAN
107,136,2026-06-06 08:09:35+00:00,30.359592265,119.97033308666667,0.09861573456910445,0.09944541190416878,0.7783,0.0477,0.174,CLEAN,0.7845,0.0479,0.1675,CLEAN,0.7815,0.0644,0.1541,CLEAN
108,137,2026-06-06 08:09:36+00:00,30.359592306666666,119.97033320833333,0.11030234022336666,0.10408372392087584,0.7776,0.0476,0.1748,CLEAN,0.7835,0.0481,0.1685,CLEAN,0.7801,0.0651,0.1548,CLEAN
109,138,2026-06-06 08:09:37+00:00,30.359592366666668,119.97033321833334,0.11126288258469227,0.11076289336655709,0.7775,0.0476,0.1749,CLEAN,0.7831,0.0481,0.1688,CLEAN,0.7796,0.0652,0.1552,CLEAN
110,139,2026-06-06 08:09:38+00:00,30.35959239,119.970333315,0.12054813111361681,0.11336034795428995,0.7774,0.0476,0.175,CLEAN,0.7828,0.0481,0.1691,CLEAN,0.7791,0.0653,0.1556,CLEAN
111,140,2026-06-06 08:09:39+00:00,30.359592398333334,119.970333385,0.12727193008694335,0.11428801035763136,0.7773,0.0476,0.175,CLEAN,0.7825,0.0481,0.1693,CLEAN,0.7787,0.0654,0.1559,CLEAN
112,141,2026-06-06 08:09:40+00:00,30.359592345,119.97033344,0.13255491674030512,0.10835097069300015,0.7758,0.0476,0.1766,CLEAN,0.7803,0.0485,0.1712,CLEAN,0.7758,0.0668,0.1573,CLEAN
113,142,2026-06-06 08:09:41+00:00,30.359592388333333,119.97033353333333,0.14151998285275627,0.11317481533199858,0.7756,0.0476,0.1768,CLEAN,0.7797,0.0486,0.1717,CLEAN,0.775,0.0672,0.1578,CLEAN
114,143,2026-06-06 08:09:42+00:00,30.35959241,119.97033358833333,0.14680296950611804,0.11558673800555552,0.7756,0.0476,0.1768,CLEAN,0.7796,0.0486,0.1718,CLEAN,0.7748,0.0673,0.1579,CLEAN
115,144,2026-06-06 08:09:43+00:00,30.359592421666665,119.97033365333333,0.1530464960767581,0.11688546494536423,0.7754,0.0476,0.1771,CLEAN,0.7791,0.0487,0.1722,CLEAN,0.7742,0.0675,0.1583,CLEAN
116,145,2026-06-06 08:09:44+00:00,30.359592411666668,119.97033369833333,0.15736894036879429,0.1157722706278469,0.7752,0.0476,0.1773,CLEAN,0.7786,0.0487,0.1726,CLEAN,0.7735,0.0678,0.1587,CLEAN
117,146,2026-06-06 08:09:45+00:00,30.359592368333335,119.97033370833333,0.15832948273011987,0.11094842598884846,0.775,0.0476,0.1775,CLEAN,0.7782,0.0488,0.173,CLEAN,0.7728,0.068,0.1591,CLEAN
118,147,2026-06-06 08:09:46+00:00,30.359592383333332,119.970333755,0.16281201700836911,0.11261821817323991,0.7748,0.0475,0.1777,CLEAN,0.7778,0.0488,0.1734,CLEAN,0.7723,0.0682,0.1594,CLEAN
119,148,2026-06-06 08:09:47+00:00,30.359592406666668,119.97033372666667,0.16009047746655805,0.11521567276097278,0.7745,0.0475,0.178,CLEAN,0.7774,0.0488,0.1738,CLEAN,0.7717,0.0685,0.1598,CLEAN
120,149,2026-06-06 08:09:48+00:00,30.35959237166667,119.97033378833333,0.16601382650881932,0.11131949052531576,0.7743,0.0475,0.1782,CLEAN,0.7771,0.0489,0.1741,CLEAN,0.7712,0.0687,0.1601,CLEAN
121,150,2026-06-06 08:09:49+00:00,30.359592391666666,119.970333775,0.16473310173102032,0.11354588057658133,0.7736,0.0474,0.179,CLEAN,0.776,0.049,0.175,CLEAN,0.7696,0.0695,0.1608,CLEAN
122,151,2026-06-06 08:09:50+00:00,30.359592363333334,119.97033377666666,0.16489319171723338,0.11039182812197434,0.7733,0.0473,0.1793,CLEAN,0.7753,0.0492,0.1755,CLEAN,0.7687,0.0701,0.1612,CLEAN
123,152,2026-06-06 08:09:51+00:00,30.359592421666665,119.970333785,0.1656936440923459,0.11688546494536423,0.7736,0.0474,0.179,CLEAN,0.7755,0.0491,0.1754,CLEAN,0.7689,0.0699,0.1612,CLEAN
124,153,2026-06-06 08:09:52+00:00,30.359592411666668,119.970333785,0.1656936440923459,0.1157722706278469,0.7737,0.0475,0.1788,CLEAN,0.7756,0.0491,0.1753,CLEAN,0.769,0.0697,0.1613,CLEAN
125,154,2026-06-06 08:09:53+00:00,30.35959238,119.970333845,0.17145690314839415,0.11224715292865717,0.7745,0.0476,0.178,CLEAN,0.7767,0.0489,0.1744,CLEAN,0.7704,0.0688,0.1608,CLEAN
126,155,2026-06-06 08:09:54+00:00,30.35959242,119.97033379666667,0.16681427888393188,0.11669993232307285,0.7749,0.0476,0.1775,CLEAN,0.7774,0.0488,0.1738,CLEAN,0.7714,0.0682,0.1604,CLEAN
127,156,2026-06-06 08:09:55+00:00,30.359592436666667,119.970333805,0.16761473125904444,0.11855525783787113,0.7752,0.0477,0.1772,CLEAN,0.7778,0.0487,0.1735,CLEAN,0.772,0.0678,0.1602,CLEAN
128,157,2026-06-06 08:09:56+00:00,30.359592385,119.97033377,0.16425283177238117,0.11280375079553129,0.7753,0.0477,0.177,CLEAN,0.7782,0.0487,0.1731,CLEAN,0.7725,0.0675,0.16,CLEAN
129,158,2026-06-06 08:09:57+00:00,30.359592398333334,119.97033378666667,0.16585373652260627,0.11428801035763136,0.7755,0.0477,0.1768,CLEAN,0.7786,0.0486,0.1728,CLEAN,0.773,0.0672,0.1597,CLEAN
130,159,2026-06-06 08:09:58+00:00,30.35959241666667,119.97033381333334,0.16841518363415697,0.11632886778660556,0.7757,0.0477,0.1766,CLEAN,0.7789,0.0486,0.1725,CLEAN,0.7735,0.067,0.1595,CLEAN
131,160,2026-06-06 08:09:59+00:00,30.359592368333335,119.97033380166667,0.16729455128661833,0.11094842598884846,0.7758,0.0477,0.1764,CLEAN,0.7791,0.0486,0.1723,CLEAN,0.7737,0.0668,0.1594,CLEAN
132,161,2026-06-06 08:10:00+00:00,30.359592423333332,119.97033378166667,0.16537346411991982,0.1170709975676556,0.7753,0.0477,0.177,CLEAN,0.7785,0.0487,0.1728,CLEAN,0.7729,0.0673,0.1598,CLEAN
133,162,2026-06-06 08:10:01+00:00,30.35959239,119.97033376166667,0.16345237939726862,0.11336034795428995,0.7753,0.0477,0.1771,CLEAN,0.7785,0.0487,0.1728,CLEAN,0.773,0.0674,0.1596,CLEAN
134,163,2026-06-06 08:10:02+00:00,30.359592391666666,119.97033376166667,0.16345237939726862,0.11354588057658133,0.7753,0.0476,0.1771,CLEAN,0.7785,0.0488,0.1727,CLEAN,0.7731,0.0675,0.1595,CLEAN
135,164,2026-06-06 08:10:03+00:00,30.359592401666667,119.97033377833333,0.1650532817034464,0.11465907560221411,0.7752,0.0476,0.1772,CLEAN,0.7784,0.0488,0.1728,CLEAN,0.7729,0.0676,0.1595,CLEAN
136,165,2026-06-06 08:10:04+00:00,30.359592395,119.97033378333333,0.16553355410613288,0.11391694511304862,0.775,0.0475,0.1774,CLEAN,0.7781,0.0488,0.1731,CLEAN,0.7725,0.0678,0.1597,CLEAN
137,166,2026-06-06 08:10:05+00:00,30.359592413333335,119.97033380833334,0.16793491123147053,0.11595780325013827,0.7754,0.0476,0.177,CLEAN,0.7785,0.0487,0.1728,CLEAN,0.7729,0.0674,0.1597,CLEAN
138,167,2026-06-06 08:10:06+00:00,30.359592395,119.97033381833333,0.16889545359279615,0.11391694511304862,0.775,0.0475,0.1775,CLEAN,0.778,0.0487,0.1733,CLEAN,0.7722,0.0678,0.16,CLEAN
139,168,2026-06-06 08:10:07+00:00,30.35959242,119.970333825,0.16953581598169565,0.11669993232307285,0.7747,0.0475,0.1778,CLEAN,0.7776,0.0487,0.1737,CLEAN,0.7717,0.068,0.1603,CLEAN
140,169,2026-06-06 08:10:08+00:00,30.359592411666668,119.97033385333333,0.1722573555235067,0.1157722706278469,0.7746,0.0474,0.178,CLEAN,0.7774,0.0488,0.1738,CLEAN,0.7715,0.0682,0.1603,CLEAN
141,170,2026-06-06 08:10:09+00:00,30.359592428333332,119.970333875,0.17433853023237098,0.11762759472641426,0.7746,0.0474,0.178,CLEAN,0.7774,0.0488,0.1739,CLEAN,0.7714,0.0682,0.1603,CLEAN
142,171,2026-06-06 08:10:10+00:00,30.359592393333333,119.97033387666667,0.1744986226626313,0.1137314131988727,0.7751,0.0474,0.1775,CLEAN,0.7779,0.0487,0.1734,CLEAN,0.7722,0.0681,0.1598,CLEAN
143,172,2026-06-06 08:10:11+00:00,30.359592435,119.970333945,0.1810623316497448,0.11836972521557976,0.776,0.0475,0.1766,CLEAN,0.7791,0.0486,0.1723,CLEAN,0.7737,0.0673,0.159,CLEAN
144,173,2026-06-06 08:10:12+00:00,30.35959242,119.97033404166666,0.19034757773462205,0.11669993232307285,0.7765,0.0475,0.176,CLEAN,0.7799,0.0485,0.1716,CLEAN,0.7748,0.0667,0.1585,CLEAN
145,174,2026-06-06 08:10:13+00:00,30.359592445,119.97033406166666,0.19226866490132055,0.11948292024121254,0.7767,0.0476,0.1757,CLEAN,0.7804,0.0484,0.1712,CLEAN,0.7756,0.0664,0.1581,CLEAN
146,175,2026-06-06 08:10:14+00:00,30.359592465,119.97033415666667,0.20139382099998474,0.12170930958436266,0.7769,0.0476,0.1755,CLEAN,0.7808,0.0483,0.1708,CLEAN,0.7762,0.0661,0.1577,CLEAN
147,176,2026-06-06 08:10:15+00:00,30.359592421666665,119.97033419,0.20459563294448224,0.11688546494536423,0.777,0.0476,0.1754,CLEAN,0.7812,0.0483,0.1705,CLEAN,0.7767,0.0659,0.1575,CLEAN
148,177,2026-06-06 08:10:16+00:00,30.359592426666666,119.97033428333333,0.2135606990569334,0.11744206281223835,0.777,0.0476,0.1753,CLEAN,0.7815,0.0483,0.1703,CLEAN,0.7771,0.0657,0.1572,CLEAN
149,178,2026-06-06 08:10:17+00:00,30.359592431666666,119.97033433833333,0.21884368326624787,0.11799865997099701,0.7771,0.0476,0.1753,CLEAN,0.7817,0.0482,0.17,CLEAN,0.7775,0.0655,0.157,CLEAN
150,179,2026-06-06 08:10:18+00:00,30.359592441666667,119.97033442833333,0.2274885694062729,0.1191118549966298,0.7772,0.0476,0.1752,CLEAN,0.782,0.0482,0.1698,CLEAN,0.7778,0.0654,0.1568,CLEAN
151,180,2026-06-06 08:10:19+00:00,30.359592456666668,119.97033446166667,0.23069037890672311,0.1207816478891367,0.7774,0.0477,0.1749,CLEAN,0.7825,0.0482,0.1693,CLEAN,0.7786,0.0651,0.1563,CLEAN
152,181,2026-06-06 08:10:20+00:00,30.359592415,119.97033448666667,0.2330917384761081,0.11614333516431419,0.777,0.0477,0.1753,CLEAN,0.7821,0.0483,0.1696,CLEAN,0.7782,0.0654,0.1563,CLEAN
153,182,2026-06-06 08:10:21+00:00,30.35959242,119.97033451833333,0.23613345554629794,0.11669993232307285,0.7768,0.0476,0.1756,CLEAN,0.7819,0.0483,0.1697,CLEAN,0.7781,0.0657,0.1562,CLEAN
154,183,2026-06-06 08:10:22+00:00,30.359592388333333,119.97033458333334,0.24237698456098533,0.11317481533199858,0.7773,0.0476,0.1751,CLEAN,0.7827,0.0482,0.1691,CLEAN,0.779,0.0652,0.1557,CLEAN
155,184,2026-06-06 08:10:23+00:00,30.359592348333333,119.97033455666667,0.23981553744943462,0.1087220359375829,0.7776,0.0476,0.1748,CLEAN,0.7831,0.0481,0.1688,CLEAN,0.7795,0.065,0.1555,CLEAN
156,185,2026-06-06 08:10:24+00:00,30.359592353333333,119.97033453666667,0.23789445028273612,0.10927863309634156,0.7777,0.0476,0.1747,CLEAN,0.7833,0.048,0.1687,CLEAN,0.7797,0.0649,0.1555,CLEAN
157,186,2026-06-06 08:10:25+00:00,30.359592325,119.97033450833334,0.23517291318497235,0.10612458134985003,0.777,0.0475,0.1755,CLEAN,0.7823,0.0482,0.1695,CLEAN,0.7785,0.0655,0.156,CLEAN
158,187,2026-06-06 08:10:26+00:00,30.35959233333333,119.97033454,0.2382146326992095,0.10705224304507599,0.7771,0.0475,0.1754,CLEAN,0.7823,0.0481,0.1696,CLEAN,0.7784,0.0654,0.1562,CLEAN
159,188,2026-06-06 08:10:27+00:00,30.359592311666667,119.97033459,0.24301734450583753,0.1046403210796345,0.7771,0.0475,0.1753,CLEAN,0.7823,0.0481,0.1696,CLEAN,0.7784,0.0654,0.1562,CLEAN
160,189,2026-06-06 08:10:28+00:00,30.359592298333332,119.97033455833333,0.23997562743564765,0.10315606151753443,0.7773,0.0475,0.1751,CLEAN,0.7826,0.0481,0.1693,CLEAN,0.7787,0.0652,0.1561,CLEAN
161,190,2026-06-06 08:10:29+00:00,30.359592291666665,119.970334575,0.24157653218587277,0.10241393102836893,0.7775,0.0475,0.1749,CLEAN,0.7829,0.048,0.169,CLEAN,0.7792,0.065,0.1558,CLEAN
162,191,2026-06-06 08:10:30+00:00,30.359592255,119.97033451,0.23533300317118538,0.098332216878536,0.7779,0.0475,0.1746,CLEAN,0.7836,0.048,0.1684,CLEAN,0.7801,0.0647,0.1552,CLEAN
163,192,2026-06-06 08:10:31+00:00,30.359592241666668,119.97033449333334,0.2337320984209603,0.09684795731643592,0.7781,0.0476,0.1743,CLEAN,0.7842,0.0479,0.1679,CLEAN,0.781,0.0644,0.1547,CLEAN
164,193,2026-06-06 08:10:32+00:00,30.35959222,119.97033444333333,0.22892938417028497,0.09443603464287897,0.7782,0.0476,0.1742,CLEAN,0.7846,0.0479,0.1676,CLEAN,0.7815,0.0642,0.1543,CLEAN
165,194,2026-06-06 08:10:33+00:00,30.359592248333332,119.97033445333334,0.22988992653161058,0.0975900863893705,0.7782,0.0476,0.1741,CLEAN,0.7848,0.0478,0.1674,CLEAN,0.7818,0.0641,0.1541,CLEAN
166,195,2026-06-06 08:10:34+00:00,30.35959222,119.97033441833334,0.22652802704494732,0.09443603464287897,0.7783,0.0476,0.174,CLEAN,0.785,0.0478,0.1672,CLEAN,0.7822,0.0639,0.1539,CLEAN
167,196,2026-06-06 08:10:35+00:00,30.359592221666666,119.970334415,0.2262078446284739,0.09462156726517035,0.7776,0.0476,0.1749,CLEAN,0.7841,0.048,0.168,CLEAN,0.781,0.0646,0.1544,CLEAN
168,197,2026-06-06 08:10:36+00:00,30.3595922,119.970334415,0.2262078446284739,0.0922096445916134,0.7778,0.0476,0.1746,CLEAN,0.7843,0.0479,0.1678,CLEAN,0.7813,0.0644,0.1543,CLEAN
169,198,2026-06-06 08:10:37+00:00,30.359592183333334,119.97033442,0.22668811703116035,0.09035431978493058,0.7779,0.0476,0.1745,CLEAN,0.7844,0.0479,0.1677,CLEAN,0.7814,0.0643,0.1543,CLEAN
170,199,2026-06-06 08:10:38+00:00,30.359592166666665,119.970334435,0.2281289317951724,0.08849899497824776,0.7772,0.0476,0.1752,CLEAN,0.7834,0.048,0.1686,CLEAN,0.7801,0.065,0.1549,CLEAN
171,200,2026-06-06 08:10:39+00:00,30.359592165,119.97033444166667,0.2287692941840719,0.08831346235595638,0.7774,0.0476,0.175,CLEAN,0.7835,0.048,0.1685,CLEAN,0.7802,0.0649,0.1549,CLEAN
172,201,2026-06-06 08:10:40+00:00,30.359592156666668,119.97033445,0.22956974655918447,0.08738580066073043,0.7774,0.0477,0.1749,CLEAN,0.7836,0.048,0.1684,CLEAN,0.7803,0.0648,0.155,CLEAN
173,202,2026-06-06 08:10:41+00:00,30.359592146666667,119.970334475,0.23197110368452212,0.08627260563509764,0.7775,0.0477,0.1748,CLEAN,0.7837,0.048,0.1684,CLEAN,0.7804,0.0647,0.155,CLEAN
174,203,2026-06-06 08:10:42+00:00,30.35959215,119.97033453833333,0.23805454026894915,0.08664367017156493,0.7777,0.0477,0.1747,CLEAN,0.7839,0.048,0.1682,CLEAN,0.7806,0.0646,0.1548,CLEAN
175,204,2026-06-06 08:10:43+00:00,30.359592155,119.97033451166666,0.23549309315739844,0.08720026803843905,0.7777,0.0477,0.1746,CLEAN,0.7839,0.0479,0.1681,CLEAN,0.7806,0.0645,0.1549,CLEAN
176,205,2026-06-06 08:10:44+00:00,30.359592115,119.97033455,0.23917517506053512,0.08274748793590792,0.7777,0.0477,0.1747,CLEAN,0.7838,0.048,0.1682,CLEAN,0.7804,0.0646,0.155,CLEAN
177,206,2026-06-06 08:10:45+00:00,30.359592106666668,119.97033458666667,0.24269716453341142,0.0818198255325665,0.7776,0.0477,0.1747,CLEAN,0.7838,0.048,0.1683,CLEAN,0.7804,0.0646,0.155,CLEAN
178,207,2026-06-06 08:10:46+00:00,30.359592088333333,119.97033459,0.24301734450583753,0.07977896810359231,0.7777,0.0477,0.1746,CLEAN,0.7839,0.0479,0.1681,CLEAN,0.7805,0.0645,0.155,CLEAN
179,208,2026-06-06 08:10:47+00:00,30.359592068333335,119.97033463,0.24685951639518725,0.07755257876044219,0.7778,0.0477,0.1745,CLEAN,0.784,0.0479,0.168,CLEAN,0.7806,0.0644,0.1549,CLEAN
180,209,2026-06-06 08:10:48+00:00,30.359592038333332,119.97033463,0.24685951639518725,0.07421299368354384,0.7778,0.0477,0.1745,CLEAN,0.784,0.0479,0.1681,CLEAN,0.7806,0.0645,0.1549,CLEAN
181,210,2026-06-06 08:10:49+00:00,30.359592006666666,119.97033461833334,0.2457388840476486,0.07068787669246956,0.7778,0.0477,0.1746,CLEAN,0.7839,0.0479,0.1681,CLEAN,0.7805,0.0645,0.155,CLEAN
182,211,2026-06-06 08:10:50+00:00,30.359591975,119.970334605,0.2444581617138969,0.06716275970139529,0.7772,0.0476,0.1752,CLEAN,0.7832,0.0481,0.1688,CLEAN,0.7795,0.0651,0.1554,CLEAN
183,212,2026-06-06 08:10:51+00:00,30.359591961666666,119.97033463333334,0.24717969881166066,0.06567849943117976,0.7768,0.0476,0.1756,CLEAN,0.7824,0.0482,0.1694,CLEAN,0.7786,0.0656,0.1558,CLEAN
184,213,2026-06-06 08:10:52+00:00,30.359591918333333,119.9703346,0.24397788931121042,0.06085465479218133,0.7764,0.0475,0.1761,CLEAN,0.7815,0.0483,0.1702,CLEAN,0.7773,0.0662,0.1565,CLEAN
185,214,2026-06-06 08:10:53+00:00,30.3595919,119.97033461833334,0.2457388840476486,0.05881379736320713,0.776,0.0475,0.1765,CLEAN,0.7807,0.0484,0.1709,CLEAN,0.7761,0.0667,0.1572,CLEAN
186,215,2026-06-06 08:10:54+00:00,30.35959189,119.97033458333334,0.24237698456098533,0.0577006030456898,0.7757,0.0474,0.1769,CLEAN,0.7798,0.0485,0.1717,CLEAN,0.775,0.0672,0.1578,CLEAN
187,216,2026-06-06 08:10:55+00:00,30.359591898333335,119.97033456833333,0.24093616979697327,0.058628265449031214,0.7756,0.0474,0.1769,CLEAN,0.7795,0.0486,0.1719,CLEAN,0.7745,0.0675,0.158,CLEAN
188,217,2026-06-06 08:10:56+00:00,30.359591826666666,119.97033456166666,0.24029580740807377,0.0506503683554258,0.7756,0.0474,0.177,CLEAN,0.7793,0.0486,0.1721,CLEAN,0.7742,0.0677,0.1581,CLEAN
189,218,2026-06-06 08:10:57+00:00,30.359591808333334,119.970334585,0.2425370745471984,0.048609510926451605,0.7756,0.0474,0.177,CLEAN,0.7791,0.0486,0.1723,CLEAN,0.774,0.0678,0.1582,CLEAN
190,219,2026-06-06 08:10:58+00:00,30.359591815,119.97033459166667,0.2431774369360979,0.04935164070750164,0.7755,0.0474,0.1771,CLEAN,0.7789,0.0487,0.1725,CLEAN,0.7737,0.0679,0.1584,CLEAN
191,220,2026-06-06 08:10:59+00:00,30.35959177166667,119.97033457333333,0.24141644219965971,0.04452779606850321,0.7755,0.0474,0.1771,CLEAN,0.7788,0.0487,0.1726,CLEAN,0.7736,0.068,0.1584,CLEAN
192,221,2026-06-06 08:11:00+00:00,30.359591775,119.97033454,0.2382146326992095,0.04489886131308596,0.7755,0.0474,0.1771,CLEAN,0.7787,0.0487,0.1726,CLEAN,0.7734,0.068,0.1585,CLEAN
193,222,2026-06-06 08:11:01+00:00,30.359591751666667,119.97033454,0.2382146326992095,0.0423014067253531,0.7754,0.0474,0.1772,CLEAN,0.7784,0.0487,0.1728,CLEAN,0.7731,0.0682,0.1587,CLEAN
194,223,2026-06-06 08:11:02+00:00,30.35959174,119.97033453,0.23725409033788392,0.04100267907742894,0.7753,0.0474,0.1772,CLEAN,0.7783,0.0488,0.173,CLEAN,0.7729,0.0682,0.1589,CLEAN
195,224,2026-06-06 08:11:03+00:00,30.35959168,119.97033455666667,0.23981553744943462,0.034323509631747684,0.7753,0.0475,0.1772,CLEAN,0.7782,0.0488,0.173,CLEAN,0.7729,0.0683,0.1589,CLEAN
196,225,2026-06-06 08:11:04+00:00,30.35959165,119.97033452666666,0.2369339079214105,0.03098392455484933,0.7754,0.0475,0.1772,CLEAN,0.7782,0.0488,0.173,CLEAN,0.7729,0.0683,0.1589,CLEAN
197,226,2026-06-06 08:11:05+00:00,30.359591656666666,119.970334565,0.24061598982454718,0.03172605433589937,0.7755,0.0475,0.177,CLEAN,0.7784,0.0488,0.1728,CLEAN,0.7732,0.0681,0.1586,CLEAN
198,227,2026-06-06 08:11:06+00:00,30.359591625,119.970334585,0.2425370745471984,0.028200937344825094,0.7756,0.0475,0.1769,CLEAN,0.7785,0.0488,0.1727,CLEAN,0.7733,0.0681,0.1586,CLEAN
199,228,2026-06-06 08:11:07+00:00,30.359591593333334,119.97033455,0.23917517506053512,0.02467582035375082,0.7756,0.0475,0.1769,CLEAN,0.7785,0.0488,0.1727,CLEAN,0.7733,0.0681,0.1586,CLEAN
200,229,2026-06-06 08:11:08+00:00,30.359591588333334,119.970334625,0.2463792464365481,0.024119223194992157,0.7758,0.0475,0.1767,CLEAN,0.7786,0.0488,0.1726,CLEAN,0.7735,0.0681,0.1584,CLEAN
201,230,2026-06-06 08:11:09+00:00,30.359591571666666,119.97033460666667,0.24461825170010995,0.022263897680193878,0.7759,0.0475,0.1766,CLEAN,0.7786,0.0488,0.1726,CLEAN,0.7735,0.0681,0.1584,CLEAN
202,231,2026-06-06 08:11:10+00:00,30.359591561666665,119.97033462166667,0.24605906646412198,0.021150702654561093,0.7759,0.0475,0.1765,CLEAN,0.7786,0.0488,0.1725,CLEAN,0.7736,0.0681,0.1583,CLEAN
203,232,2026-06-06 08:11:11+00:00,30.35959154,119.97033465,0.24878060356188575,0.018738780689119605,0.7761,0.0476,0.1763,CLEAN,0.7788,0.0488,0.1724,CLEAN,0.7738,0.068,0.1581,CLEAN
204,233,2026-06-06 08:11:12+00:00,30.35959153,119.9703347,0.2535833178125611,0.01762558566348682,0.7763,0.0476,0.1761,CLEAN,0.779,0.0488,0.1722,CLEAN,0.7742,0.0679,0.1579,CLEAN
205,234,2026-06-06 08:11:13+00:00,30.35959151,119.97033471,0.2545438601738867,0.015399196320336705,0.7765,0.0476,0.176,CLEAN,0.7792,0.0488,0.172,CLEAN,0.7744,0.0678,0.1578,CLEAN
206,235,2026-06-06 08:11:14+00:00,30.359591513333335,119.97033474166666,0.25758557968812384,0.015770261564919452,0.7766,0.0476,0.1759,CLEAN,0.7793,0.0488,0.1719,CLEAN,0.7746,0.0678,0.1577,CLEAN
207,236,2026-06-06 08:11:15+00:00,30.359591501666667,119.970334755,0.25886630446592285,0.014471533916995294,0.7767,0.0476,0.1758,CLEAN,0.7794,0.0488,0.1718,CLEAN,0.7747,0.0677,0.1576,CLEAN
208,237,2026-06-06 08:11:16+00:00,30.359591438333332,119.97033476333333,0.2596667543969881,0.007421299226731293,0.7767,0.0476,0.1757,CLEAN,0.7795,0.0488,0.1717,CLEAN,0.7748,0.0677,0.1575,CLEAN
209,238,2026-06-06 08:11:17+00:00,30.359591435,119.97033478166666,0.26142775157747355,0.007050233982148546,0.7768,0.0476,0.1756,CLEAN,0.7796,0.0488,0.1717,CLEAN,0.7749,0.0677,0.1574,CLEAN
210,239,2026-06-06 08:11:18+00:00,30.35959138833333,119.97033481666666,0.2647896510641368,0.0018553248066828232,0.7755,0.0475,0.177,CLEAN,0.7777,0.0492,0.1731,CLEAN,0.7725,0.0691,0.1584,CLEAN
211,240,2026-06-06 08:11:19+00:00,30.359591198333334,119.97033471833333,0.25534431254899925,-0.019295378555993725,0.7757,0.0476,0.1767,CLEAN,0.7777,0.0492,0.1731,CLEAN,0.7726,0.0688,0.1586,CLEAN
212,241,2026-06-06 08:11:20+00:00,30.359591121666668,119.97033447833333,0.23229128365694823,-0.027829872808357803,0.776,0.0477,0.1763,CLEAN,0.778,0.0491,0.1729,CLEAN,0.7727,0.0686,0.1587,CLEAN
213,242,2026-06-06 08:11:21+00:00,30.359591231666666,119.97033431833333,0.21692259854359666,-0.015584728942628079,0.7762,0.0477,0.1762,CLEAN,0.7781,0.0491,0.1728,CLEAN,0.7728,0.0684,0.1587,CLEAN
214,243,2026-06-06 08:11:22+00:00,30.35959106,119.97033428166667,0.21340060662667304,-0.03469457487633043,0.7763,0.0477,0.1761,CLEAN,0.7782,0.049,0.1727,CLEAN,0.7731,0.0683,0.1586,CLEAN
215,244,2026-06-06 08:11:23+00:00,30.359590886666666,119.97033436666666,0.22156522280805893,-0.053989953432324156,0.7763,0.0477,0.176,CLEAN,0.7784,0.049,0.1726,CLEAN,0.7734,0.0682,0.1585,CLEAN
216,245,2026-06-06 08:11:24+00:00,30.359590783333335,119.97033456166666,0.24029580740807377,-0.06549296680888839,0.7764,0.0477,0.1759,CLEAN,0.7786,0.049,0.1724,CLEAN,0.7737,0.068,0.1583,CLEAN
217,246,2026-06-06 08:11:25+00:00,30.359590751666666,119.97033479666666,0.26286856634148564,-0.06901808450807811,0.7764,0.0477,0.1759,CLEAN,0.7788,0.0489,0.1723,CLEAN,0.7738,0.0679,0.1582,CLEAN
218,247,2026-06-06 08:11:26+00:00,30.359590726666667,119.97033527666666,0.30897462168154033,-0.07180107171810235,0.7765,0.0477,0.1758,CLEAN,0.7789,0.0489,0.1722,CLEAN,0.7739,0.0679,0.1582,CLEAN
219,248,2026-06-06 08:11:27+00:00,30.35959065833333,119.97033581,0.3602035761327911,-0.07940790356712502,0.7765,0.0477,0.1758,CLEAN,0.779,0.0489,0.1721,CLEAN,0.7741,0.0678,0.1582,CLEAN
220,249,2026-06-06 08:11:28+00:00,30.359590598333334,119.97033642333334,0.41911687191869396,-0.08608707301280627,0.7766,0.0477,0.1757,CLEAN,0.7791,0.0489,0.172,CLEAN,0.7742,0.0677,0.1581,CLEAN
221,250,2026-06-06 08:11:29+00:00,30.359590501666666,119.97033709166666,0.4833131543579586,-0.09684795731643592,0.7766,0.0477,0.1757,CLEAN,0.7792,0.0489,0.1719,CLEAN,0.7744,0.0677,0.158,CLEAN
222,251,2026-06-06 08:11:30+00:00,30.359590438333335,119.97033764666666,0.5366232835180736,-0.10389819129858446,0.7767,0.0477,0.1756,CLEAN,0.7793,0.0489,0.1718,CLEAN,0.7746,0.0676,0.1578,CLEAN
223,252,2026-06-06 08:11:31+00:00,30.359590375,119.97033809833333,0.5800078042044119,-0.11094842598884846,0.7767,0.0477,0.1756,CLEAN,0.7795,0.0489,0.1717,CLEAN,0.7749,0.0675,0.1577,CLEAN
224,253,2026-06-06 08:11:32+00:00,30.359590233333332,119.97033845333333,0.6141070739177783,-0.12671868755376792,0.7767,0.0477,0.1756,CLEAN,0.7796,0.0488,0.1716,CLEAN,0.7751,0.0674,0.1576,CLEAN
225,254,2026-06-06 08:11:33+00:00,30.359590063333332,119.97033866666666,0.6345986556982786,-0.1456430008651789,0.7767,0.0477,0.1756,CLEAN,0.7797,0.0488,0.1715,CLEAN,0.7751,0.0673,0.1576,CLEAN
226,255,2026-06-06 08:11:34+00:00,30.359589916666668,119.97033880666666,0.6480462560889789,-0.16196985888074156,0.7767,0.0476,0.1757,CLEAN,0.7796,0.0488,0.1716,CLEAN,0.775,0.0674,0.1576,CLEAN
227,256,2026-06-06 08:11:35+00:00,30.359589705,119.97033884,0.6512480655894292,-0.18553248491697505,0.7767,0.0476,0.1757,CLEAN,0.7796,0.0488,0.1716,CLEAN,0.775,0.0674,0.1576,CLEAN
228,257,2026-06-06 08:11:36+00:00,30.359589488333334,119.97033879166666,0.6466054413249669,-0.20965170740385175,0.7767,0.0476,0.1757,CLEAN,0.7796,0.0488,0.1716,CLEAN,0.775,0.0674,0.1576,CLEAN
229,258,2026-06-06 08:11:37+00:00,30.359589298333333,119.97033866833333,0.6347587456844916,-0.2308024107665283,0.7767,0.0476,0.1757,CLEAN,0.7797,0.0488,0.1715,CLEAN,0.7752,0.0673,0.1575,CLEAN
230,259,2026-06-06 08:11:38+00:00,30.359589191666668,119.97033849,0.6176290658347019,-0.24267649009579073,0.7768,0.0476,0.1755,CLEAN,0.78,0.0487,0.1713,CLEAN,0.7755,0.0672,0.1573,CLEAN
231,260,2026-06-06 08:11:39+00:00,30.359589086666666,119.97033824333333,0.5939356745537514,-0.2543650368027618,0.777,0.0476,0.1754,CLEAN,0.7804,0.0487,0.1709,CLEAN,0.7761,0.067,0.1569,CLEAN
232,261,2026-06-06 08:11:40+00:00,30.359589003333333,119.97033805833334,0.5761656323150621,-0.2636416608361759,0.7771,0.0476,0.1753,CLEAN,0.7807,0.0486,0.1707,CLEAN,0.7765,0.0668,0.1567,CLEAN
233,262,2026-06-06 08:11:41+00:00,30.359588945,119.97033783166667,0.5543933282008101,-0.2701352976595658,0.777,0.0475,0.1754,CLEAN,0.7806,0.0486,0.1708,CLEAN,0.7765,0.0668,0.1567,CLEAN
234,263,2026-06-06 08:11:42+00:00,30.359588905,119.970337675,0.5393448206158373,-0.2745880777620969,0.7769,0.0475,0.1755,CLEAN,0.7805,0.0486,0.1709,CLEAN,0.7763,0.0669,0.1568,CLEAN
235,264,2026-06-06 08:11:43+00:00,30.359588843333334,119.97033749333333,0.5218949607936215,-0.2814527791219541,0.7769,0.0475,0.1756,CLEAN,0.7804,0.0486,0.1709,CLEAN,0.7762,0.0669,0.1569,CLEAN
236,265,2026-06-06 08:11:44+00:00,30.35958879,119.97033733833334,0.5070065456389091,-0.2873898187865853,0.7768,0.0475,0.1757,CLEAN,0.7804,0.0486,0.171,CLEAN,0.7761,0.0669,0.157,CLEAN
237,266,2026-06-06 08:11:45+00:00,30.359588745,119.970337205,0.49419930763710823,-0.2923991960478751,0.7767,0.0475,0.1758,CLEAN,0.7803,0.0486,0.1711,CLEAN,0.7761,0.0669,0.157,CLEAN
238,267,2026-06-06 08:11:46+00:00,30.359588668333334,119.97033706166667,0.4804315272739818,-0.3009336903002392,0.7767,0.0475,0.1758,CLEAN,0.7804,0.0486,0.171,CLEAN,0.7763,0.0668,0.1569,CLEAN
239,268,2026-06-06 08:11:47+00:00,30.359588613333333,119.97033696,0.47066600634237077,-0.3070562625871618,0.7767,0.0475,0.1758,CLEAN,0.7805,0.0486,0.1709,CLEAN,0.7765,0.0667,0.1568,CLEAN
240,269,2026-06-06 08:11:48+00:00,30.359588548333335,119.97033684166666,0.45929958310458197,-0.3142920291916017,0.777,0.0475,0.1755,CLEAN,0.781,0.0486,0.1704,CLEAN,0.7773,0.0665,0.1562,CLEAN
241,270,2026-06-06 08:11:49+00:00,30.359588493333334,119.97033673,0.4485735198116454,-0.32041460077040884,0.7773,0.0474,0.1753,CLEAN,0.7815,0.0485,0.17,CLEAN,0.7777,0.0665,0.1558,CLEAN
242,271,2026-06-06 08:11:50+00:00,30.35958845,119.97033667833334,0.443610715574757,-0.3252384454094073,0.7775,0.0473,0.1752,CLEAN,0.7818,0.0484,0.1698,CLEAN,0.7782,0.0663,0.1555,CLEAN
243,272,2026-06-06 08:11:51+00:00,30.359588403333333,119.97033659333333,0.43544610183741844,-0.33043335529298845,0.7776,0.0473,0.1751,CLEAN,0.782,0.0484,0.1696,CLEAN,0.7786,0.0662,0.1552,CLEAN
244,273,2026-06-06 08:11:52+00:00,30.359588373333334,119.97033655166666,0.43144383996185565,-0.33377293966177135,0.7776,0.0473,0.1751,CLEAN,0.7821,0.0483,0.1695,CLEAN,0.7788,0.0662,0.155,CLEAN
245,274,2026-06-06 08:11:53+00:00,30.359588348333332,119.97033651833334,0.42824203046140547,-0.33655592757991104,0.7776,0.0473,0.175,CLEAN,0.7822,0.0483,0.1694,CLEAN,0.779,0.0661,0.1549,CLEAN
246,275,2026-06-06 08:11:54+00:00,30.35958832,119.97033652833333,0.42920257282273105,-0.33970997932640257,0.7777,0.0474,0.175,CLEAN,0.7823,0.0483,0.1694,CLEAN,0.7791,0.0661,0.1548,CLEAN
247,276,2026-06-06 08:11:55+00:00,30.359588303333332,119.97033659333333,0.43544610183741844,-0.3415653041330854,0.7777,0.0474,0.1749,CLEAN,0.7823,0.0483,0.1694,CLEAN,0.7792,0.0661,0.1547,CLEAN
248,277,2026-06-06 08:11:56+00:00,30.359588285,119.97033661333333,0.4373671865600696,-0.3436061615620596,0.7777,0.0474,0.1749,CLEAN,0.7823,0.0483,0.1693,CLEAN,0.7793,0.0661,0.1546,CLEAN
249,278,2026-06-06 08:11:57+00:00,30.35958831,119.97033674333333,0.4498542445894444,-0.34082317435203535,0.7778,0.0474,0.1748,CLEAN,0.7824,0.0483,0.1693,CLEAN,0.7794,0.0661,0.1546,CLEAN
250,279,2026-06-06 08:11:58+00:00,30.359588321666667,119.97033683,0.45817894831299605,-0.3395244467041112,0.7778,0.0474,0.1748,CLEAN,0.7824,0.0483,0.1692,CLEAN,0.7795,0.066,0.1545,CLEAN
251,280,2026-06-06 08:11:59+00:00,30.359588308333333,119.97033692166667,0.46698392688328144,-0.3410087069743267,0.7778,0.0474,0.1747,CLEAN,0.7824,0.0484,0.1692,CLEAN,0.7795,0.066,0.1544,CLEAN
252,281,2026-06-06 08:12:00+00:00,30.359588311666666,119.97033705666666,0.4799512548712953,-0.340637641729744,0.7779,0.0474,0.1747,CLEAN,0.7825,0.0484,0.1692,CLEAN,0.7796,0.066,0.1544,CLEAN
253,282,2026-06-06 08:12:01+00:00,30.359588295000002,119.97033710833334,0.4849140591081837,-0.3424929665364268,0.7779,0.0475,0.1746,CLEAN,0.7825,0.0484,0.1691,CLEAN,0.7796,0.066,0.1544,CLEAN
254,283,2026-06-06 08:12:02+00:00,30.3595883,119.97033722333333,0.49596030237354644,-0.34193636937766814,0.778,0.0475,0.1746,CLEAN,0.7825,0.0484,0.1691,CLEAN,0.7797,0.066,0.1543,CLEAN
255,284,2026-06-06 08:12:03+00:00,30.359588275,119.97033729833333,0.5031643737495594,-0.34471935658769237,0.778,0.0475,0.1745,CLEAN,0.7825,0.0484,0.1691,CLEAN,0.7797,0.066,0.1543,CLEAN
256,285,2026-06-06 08:12:04+00:00,30.359588245,119.97033735666666,0.5087675403753472,-0.34805894095647527,0.778,0.0475,0.1744,CLEAN,0.7825,0.0484,0.1691,CLEAN,0.7797,0.066,0.1543,CLEAN
257,286,2026-06-06 08:12:05+00:00,30.359588188333333,119.970337415,0.5143707070011352,-0.35436704586568923,0.7781,0.0475,0.1744,CLEAN,0.7825,0.0484,0.1691,CLEAN,0.7797,0.066,0.1543,CLEAN
258,287,2026-06-06 08:12:06+00:00,30.359588128333332,119.97033748,0.5206142360158226,-0.3610462153113705,0.778,0.0475,0.1744,CLEAN,0.7824,0.0484,0.1691,CLEAN,0.7796,0.0661,0.1543,CLEAN
259,288,2026-06-06 08:12:07+00:00,30.359588086666665,119.97033749333333,0.5218949607936215,-0.36568452732807755,0.778,0.0475,0.1744,CLEAN,0.7823,0.0484,0.1692,CLEAN,0.7795,0.0661,0.1544,CLEAN
260,289,2026-06-06 08:12:08+00:00,30.359588026666668,119.97033754,0.5263774926278234,-0.3723636967737588,0.778,0.0476,0.1744,CLEAN,0.7822,0.0485,0.1693,CLEAN,0.7793,0.0662,0.1545,CLEAN
261,290,2026-06-06 08:12:09+00:00,30.359587995,119.97033757166666,0.5294192121420607,-0.37588881447294853,0.778,0.0476,0.1744,CLEAN,0.7821,0.0485,0.1694,CLEAN,0.7792,0.0663,0.1545,CLEAN
262,291,2026-06-06 08:12:10+00:00,30.359587936666667,119.970337555,0.5278183073918356,-0.38238245058822296,0.778,0.0476,0.1744,CLEAN,0.7821,0.0485,0.1694,CLEAN,0.779,0.0664,0.1546,CLEAN
263,292,2026-06-06 08:12:11+00:00,30.359587875,119.97033753166667,0.5255770402527109,-0.38924715336431104,0.778,0.0476,0.1744,CLEAN,0.782,0.0485,0.1695,CLEAN,0.779,0.0664,0.1546,CLEAN
264,293,2026-06-06 08:12:12+00:00,30.359587825,119.97033751833334,0.5242963179189591,-0.3948131277843595,0.7781,0.0476,0.1743,CLEAN,0.782,0.0485,0.1695,CLEAN,0.7789,0.0664,0.1547,CLEAN
265,294,2026-06-06 08:12:13+00:00,30.35958781,119.97033747333333,0.519973873626923,-0.39648291996875096,0.7781,0.0476,0.1743,CLEAN,0.782,0.0485,0.1695,CLEAN,0.7789,0.0664,0.1547,CLEAN
266,295,2026-06-06 08:12:14+00:00,30.359587773333335,119.97033741166666,0.514050527028709,-0.4005646341185839,0.7781,0.0476,0.1743,CLEAN,0.782,0.0485,0.1695,CLEAN,0.7788,0.0665,0.1547,CLEAN
267,296,2026-06-06 08:12:15+00:00,30.359587716666667,119.97033736666667,0.5097280827366729,-0.40687273902779786,0.7782,0.0476,0.1742,CLEAN,0.782,0.0485,0.1695,CLEAN,0.7788,0.0665,0.1547,CLEAN
268,297,2026-06-06 08:12:16+00:00,30.35958771,119.97033730666666,0.503964826124672,-0.4076148688088479,0.7782,0.0476,0.1742,CLEAN,0.782,0.0485,0.1695,CLEAN,0.7787,0.0666,0.1547,CLEAN
269,298,2026-06-06 08:12:17+00:00,30.359587673333333,119.97033723,0.4966006647624459,-0.4116965836667963,0.7782,0.0476,0.1741,CLEAN,0.7819,0.0486,0.1695,CLEAN,0.7787,0.0666,0.1547,CLEAN
270,299,2026-06-06 08:12:18+00:00,30.359587673333333,119.97033712166666,0.4861947814419354,-0.4116965836667963,0.7783,0.0476,0.1741,CLEAN,0.7819,0.0486,0.1696,CLEAN,0.7785,0.0667,0.1548,CLEAN
271,300,2026-06-06 08:12:19+00:00,30.359587661666666,119.97033709666667,0.4837934267606451,-0.41299531131472045,0.7783,0.0476,0.1741,CLEAN,0.7819,0.0486,0.1696,CLEAN,0.7785,0.0667,0.1548,CLEAN
272,301,2026-06-06 08:12:20+00:00,30.359587673333333,119.97033704666667,0.4789907125099697,-0.4116965836667963,0.7783,0.0476,0.1741,CLEAN,0.7819,0.0486,0.1696,CLEAN,0.7785,0.0667,0.1548,CLEAN
273,302,2026-06-06 08:12:21+00:00,30.359587705,119.970336975,0.47210682110638286,-0.408171466675722,0.7783,0.0476,0.1741,CLEAN,0.7819,0.0486,0.1696,CLEAN,0.7785,0.0667,0.1548,CLEAN
274,303,2026-06-06 08:12:22+00:00,30.359587668333333,119.97033692833334,0.4676242892721809,-0.41225318082555495,0.7783,0.0476,0.1741,CLEAN,0.7819,0.0486,0.1696,CLEAN,0.7785,0.0667,0.1548,CLEAN
275,304,2026-06-06 08:12:23+00:00,30.35958768,119.97033688833334,0.4637821173828312,-0.41095445388574625,0.7783,0.0476,0.1741,CLEAN,0.7819,0.0486,0.1696,CLEAN,0.7785,0.0667,0.1548,CLEAN
276,305,2026-06-06 08:12:24+00:00,30.359587675,119.97033685833334,0.4609004878548071,-0.4115110510445049,0.7783,0.0476,0.1741,CLEAN,0.7819,0.0486,0.1696,CLEAN,0.7785,0.0667,0.1548,CLEAN
277,306,2026-06-06 08:12:25+00:00,30.359587723333334,119.970336885,0.4634619349663578,-0.4061306092467478,0.7783,0.0476,0.1741,CLEAN,0.7819,0.0486,0.1696,CLEAN,0.7785,0.0667,0.1548,CLEAN
278,307,2026-06-06 08:12:26+00:00,30.359587706666666,119.97033687833333,0.4628215725774583,-0.40798593405343064,0.7783,0.0476,0.1741,CLEAN,0.7819,0.0486,0.1696,CLEAN,0.7785,0.0667,0.1548,CLEAN
279,308,2026-06-06 08:12:27+00:00,30.359587718333334,119.97033691666667,0.466503654480595,-0.4066872064055065,0.7783,0.0476,0.1741,CLEAN,0.7819,0.0486,0.1696,CLEAN,0.7785,0.0667,0.1548,CLEAN
280,309,2026-06-06 08:12:28+00:00,30.35958773,119.97033694333334,0.4690651015921457,-0.4053884787575823,0.7783,0.0476,0.1741,CLEAN,0.7819,0.0486,0.1696,CLEAN,0.7785,0.0667,0.1548,CLEAN
281,310,2026-06-06 08:12:29+00:00,30.359587773333335,119.97033696833333,0.4714664587174833,-0.4005646341185839,0.7783,0.0476,0.1741,CLEAN,0.7819,0.0486,0.1696,CLEAN,0.7785,0.0667,0.1548,CLEAN
282,311,2026-06-06 08:12:30+00:00,30.359587725,119.970336965,0.47114627874505727,-0.40594507662445645,0.7783,0.0476,0.1741,CLEAN,0.7819,0.0486,0.1696,CLEAN,0.7785,0.0667,0.1548,CLEAN
283,312,2026-06-06 08:12:31+00:00,30.3595877,119.97033699,0.4735476358703949,-0.4087280638344807,0.7783,0.0476,0.1741,CLEAN,0.7819,0.0486,0.1696,CLEAN,0.7785,0.0667,0.1548,CLEAN
284,313,2026-06-06 08:12:32+00:00,30.359587661666666,119.97033697333333,0.47194673112016977,-0.41299531131472045,0.7776,0.0476,0.1748,CLEAN,0.7809,0.0488,0.1704,CLEAN,0.7773,0.0674,0.1553,CLEAN
285,314,2026-06-06 08:12:33+00:00,30.359587631666667,119.970336945,0.46922519157835874,-0.41633489568350335,0.7776,0.0477,0.1747,CLEAN,0.7808,0.0488,0.1705,CLEAN,0.7771,0.0673,0.1556,CLEAN
286,315,2026-06-06 08:12:34+00:00,30.35958765,119.97033691333333,0.4661834720641216,-0.41429403825452915,0.7776,0.0477,0.1747,CLEAN,0.7807,0.0488,0.1705,CLEAN,0.777,0.0673,0.1558,CLEAN
287,316,2026-06-06 08:12:35+00:00,30.359587631666667,119.97033688833334,0.4637821173828312,-0.41633489568350335,0.7776,0.0477,0.1747,CLEAN,0.7807,0.0488,0.1706,CLEAN,0.7768,0.0673,0.1559,CLEAN
288,317,2026-06-06 08:12:36+00:00,30.359587596666668,119.97033692,0.46682383445302106,-0.42023107791916037,0.7776,0.0477,0.1747,CLEAN,0.7806,0.0488,0.1706,CLEAN,0.7768,0.0672,0.156,CLEAN
289,318,2026-06-06 08:12:37+00:00,30.359587596666668,119.9703369,0.4649027497303699,-0.42023107791916037,0.7771,0.0476,0.1753,CLEAN,0.7799,0.0489,0.1712,CLEAN,0.7758,0.0679,0.1564,CLEAN
290,319,2026-06-06 08:12:38+00:00,30.359587635,119.97033691,0.46586329209169547,-0.4159638304389206,0.7771,0.0476,0.1752,CLEAN,0.7799,0.0489,0.1712,CLEAN,0.7758,0.0677,0.1564,CLEAN
291,320,2026-06-06 08:12:39+00:00,30.359587623333333,119.97033689833333,0.4647426597441568,-0.41726255808684476,0.7766,0.0475,0.1758,CLEAN,0.7791,0.049,0.1719,CLEAN,0.7746,0.0684,0.157,CLEAN
292,321,2026-06-06 08:12:40+00:00,30.359587623333333,119.97033683,0.45817894831299605,-0.41726255808684476,0.7766,0.0476,0.1758,CLEAN,0.7791,0.0489,0.172,CLEAN,0.7745,0.0682,0.1572,CLEAN
293,322,2026-06-06 08:12:41+00:00,30.359587595,119.97033681833334,0.4570583159654574,-0.42041661054145174,0.7767,0.0476,0.1757,CLEAN,0.7791,0.0489,0.172,CLEAN,0.7744,0.0682,0.1574,CLEAN
294,323,2026-06-06 08:12:42+00:00,30.359587536666666,119.97033676833334,0.4522556017147821,-0.4269102473648416,0.7767,0.0476,0.1757,CLEAN,0.7791,0.0489,0.172,CLEAN,0.7744,0.0681,0.1575,CLEAN
295,324,2026-06-06 08:12:43+00:00,30.35958754,119.97033671666667,0.4472927974778937,-0.4265391821202589,0.7767,0.0476,0.1757,CLEAN,0.7791,0.0489,0.172,CLEAN,0.7744,0.068,0.1575,CLEAN
296,325,2026-06-06 08:12:44+00:00,30.359587503333334,119.97033673333334,0.4488937022281188,-0.43062089697820727,0.7766,0.0476,0.1757,CLEAN,0.7792,0.0489,0.172,CLEAN,0.7745,0.0679,0.1575,CLEAN
297,326,2026-06-06 08:12:45+00:00,30.359587505,119.97033675166666,0.45065469696455696,-0.4304353643559159,0.7766,0.0476,0.1757,CLEAN,0.7793,0.0489,0.1719,CLEAN,0.7747,0.0678,0.1575,CLEAN
298,327,2026-06-06 08:12:46+00:00,30.359587445,119.97033674333333,0.4498542445894444,-0.43711453380159715,0.7761,0.0475,0.1764,CLEAN,0.7785,0.049,0.1725,CLEAN,0.7737,0.0685,0.1579,CLEAN
299,328,2026-06-06 08:12:47+00:00,30.359587428333334,119.97033674333333,0.4498542445894444,-0.43896985860828,0.7761,0.0475,0.1763,CLEAN,0.7785,0.0489,0.1725,CLEAN,0.7736,0.0683,0.158,CLEAN
300,329,2026-06-06 08:12:48+00:00,30.35958742,119.97033678666666,0.4540165964512202,-0.4398975210116214,0.7755,0.0475,0.177,CLEAN,0.7777,0.0491,0.1732,CLEAN,0.7724,0.069,0.1586,CLEAN
301,330,2026-06-06 08:12:49+00:00,30.359587445,119.97033682,0.4572184059516704,-0.43711453380159715,0.7756,0.0475,0.1769,CLEAN,0.7777,0.049,0.1733,CLEAN,0.7724,0.0688,0.1588,CLEAN
302,331,2026-06-06 08:12:50+00:00,30.35958744,119.97033685,0.4601000354796945,-0.43767113166847127,0.7756,0.0475,0.1768,CLEAN,0.7777,0.049,0.1732,CLEAN,0.7724,0.0687,0.1589,CLEAN
303,332,2026-06-06 08:12:51+00:00,30.359587446666666,119.97033686333333,0.46138075781344623,-0.43692900188742123,0.7751,0.0475,0.1775,CLEAN,0.7771,0.0491,0.1738,CLEAN,0.7714,0.0693,0.1594,CLEAN
304,333,2026-06-06 08:12:52+00:00,30.359587395,119.970336885,0.4634619349663578,-0.4426805089297611,0.7747,0.0474,0.1779,CLEAN,0.7765,0.0492,0.1742,CLEAN,0.7707,0.0697,0.1596,CLEAN
305,334,2026-06-06 08:12:53+00:00,30.35958741,119.97033687,0.46202112020234576,-0.44101071603725417,0.7745,0.0473,0.1782,CLEAN,0.7762,0.0493,0.1745,CLEAN,0.7702,0.07,0.1599,CLEAN
306,335,2026-06-06 08:12:54+00:00,30.359587346666668,119.97033689,0.46394220736904423,-0.44806095072751817,0.7743,0.0473,0.1785,CLEAN,0.7758,0.0493,0.1749,CLEAN,0.7696,0.0702,0.1602,CLEAN
307,336,2026-06-06 08:12:55+00:00,30.35958733,119.97033684,0.45913949311836894,-0.449916275534201,0.774,0.0473,0.1788,CLEAN,0.7754,0.0493,0.1753,CLEAN,0.7688,0.0706,0.1606,CLEAN
308,337,2026-06-06 08:12:56+00:00,30.359587268333332,119.97033683166667,0.4583390407432564,-0.4567809776021736,0.7738,0.0472,0.179,CLEAN,0.775,0.0494,0.1757,CLEAN,0.7681,0.0709,0.161,CLEAN
309,338,2026-06-06 08:12:57+00:00,30.35958723,119.97033685833334,0.4609004878548071,-0.46104822437429793,0.7736,0.0472,0.1791,CLEAN,0.7747,0.0494,0.1759,CLEAN,0.7677,0.071,0.1612,CLEAN
310,339,2026-06-06 08:12:58+00:00,30.359587205,119.97033682833333,0.45801885832678296,-0.46383121158432217,0.7736,0.0472,0.1792,CLEAN,0.7746,0.0494,0.1759,CLEAN,0.7676,0.0711,0.1613,CLEAN
311,340,2026-06-06 08:12:59+00:00,30.359587155,119.97033683666666,0.4588193107018955,-0.46939718600437064,0.7736,0.0472,0.1792,CLEAN,0.7746,0.0494,0.176,CLEAN,0.7676,0.0711,0.1613,CLEAN
312,341,2026-06-06 08:13:00+00:00,30.35958713,119.97033681,0.4562578635903448,-0.47218017321439487,0.7735,0.0472,0.1793,CLEAN,0.7746,0.0494,0.176,CLEAN,0.7676,0.0711,0.1614,CLEAN
313,342,2026-06-06 08:13:01+00:00,30.359587108333333,119.9703368,0.4552973212290192,-0.4745920958879518,0.7735,0.0472,0.1794,CLEAN,0.7745,0.0494,0.1761,CLEAN,0.7674,0.0711,0.1615,CLEAN
314,343,2026-06-06 08:13:02+00:00,30.359587031666667,119.97033674,0.449534062172971,-0.4831265901403159,0.7735,0.0472,0.1794,CLEAN,0.7744,0.0495,0.1761,CLEAN,0.7673,0.0712,0.1616,CLEAN
315,344,2026-06-06 08:13:03+00:00,30.35958701,119.97033670666667,0.4463322551165681,-0.48553851281387284,0.7734,0.0472,0.1794,CLEAN,0.7743,0.0495,0.1762,CLEAN,0.7671,0.0712,0.1617,CLEAN
316,345,2026-06-06 08:13:04+00:00,30.359586983333333,119.97033665666666,0.44152953842184545,-0.488507031938073,0.7734,0.0472,0.1794,CLEAN,0.7743,0.0495,0.1762,CLEAN,0.7671,0.0712,0.1617,CLEAN
317,346,2026-06-06 08:13:05+00:00,30.359586938333333,119.970336625,0.4384878213516556,-0.4935164091993628,0.7735,0.0472,0.1793,CLEAN,0.7743,0.0495,0.1762,CLEAN,0.7671,0.0712,0.1617,CLEAN
318,347,2026-06-06 08:13:06+00:00,30.359586875,119.97033655333334,0.43160392994806873,-0.5005666438896268,0.7735,0.0472,0.1792,CLEAN,0.7744,0.0495,0.1761,CLEAN,0.7673,0.0711,0.1616,CLEAN
319,348,2026-06-06 08:13:07+00:00,30.359586883333332,119.97033651,0.4274415780862929,-0.4996389814862854,0.7738,0.0472,0.179,CLEAN,0.7746,0.0495,0.1759,CLEAN,0.7676,0.071,0.1614,CLEAN
320,349,2026-06-06 08:13:08+00:00,30.35958686,119.97033652666667,0.429042482836518,-0.5022364360740182,0.7739,0.0472,0.1789,CLEAN,0.7748,0.0495,0.1757,CLEAN,0.7678,0.0709,0.1612,CLEAN
321,350,2026-06-06 08:13:09+00:00,30.359586875,119.970336545,0.4308034775729562,-0.5005666438896268,0.7741,0.0472,0.1787,CLEAN,0.775,0.0495,0.1755,CLEAN,0.7681,0.0708,0.161,CLEAN
322,351,2026-06-06 08:13:10+00:00,30.359586813333333,119.97033660333334,0.43640664419874403,-0.5074313459575994,0.7742,0.0472,0.1786,CLEAN,0.7751,0.0495,0.1754,CLEAN,0.7683,0.0708,0.1609,CLEAN
323,352,2026-06-06 08:13:11+00:00,30.359586773333334,119.97033654833334,0.43112365998942953,-0.5118841253520151,0.7743,0.0472,0.1785,CLEAN,0.7751,0.0495,0.1754,CLEAN,0.7684,0.0708,0.1609,CLEAN
324,353,2026-06-06 08:13:12+00:00,30.35958676,119.97033662833333,0.4388080013240817,-0.5133683849141152,0.7744,0.0472,0.1784,CLEAN,0.7753,0.0495,0.1753,CLEAN,0.7686,0.0707,0.1607,CLEAN
325,354,2026-06-06 08:13:13+00:00,30.35958673,119.97033666833333,0.4426501732134314,-0.5167079699910135,0.7746,0.0472,0.1782,CLEAN,0.7755,0.0495,0.1751,CLEAN,0.7689,0.0706,0.1605,CLEAN
326,355,2026-06-06 08:13:14+00:00,30.35958668,119.97033681,0.4562578635903448,-0.522273944411062,0.7747,0.0472,0.178,CLEAN,0.7757,0.0494,0.1749,CLEAN,0.7692,0.0705,0.1604,CLEAN
327,356,2026-06-06 08:13:15+00:00,30.359586651666667,119.97033688333333,0.46330184498014476,-0.525427996865669,0.7748,0.0472,0.1779,CLEAN,0.7758,0.0494,0.1748,CLEAN,0.7693,0.0704,0.1602,CLEAN
328,357,2026-06-06 08:13:16+00:00,30.359586626666665,119.97033699333333,0.473867815842821,-0.5282109840756932,0.7751,0.0472,0.1777,CLEAN,0.776,0.0494,0.1746,CLEAN,0.7697,0.0703,0.16,CLEAN
329,358,2026-06-06 08:13:17+00:00,30.359586611666668,119.97033706333333,0.48059161726019484,-0.5298807762600847,0.7756,0.0473,0.1771,CLEAN,0.7768,0.0493,0.1739,CLEAN,0.7708,0.0696,0.1596,CLEAN
330,359,2026-06-06 08:13:18+00:00,30.359586601666667,119.97033713333333,0.48731541623352137,-0.5309939712857175,0.7761,0.0474,0.1765,CLEAN,0.7775,0.0491,0.1733,CLEAN,0.7719,0.069,0.1591,CLEAN
331,360,2026-06-06 08:13:19+00:00,30.359586581666665,119.970337205,0.49419930763710823,-0.533220361336983,0.7765,0.0474,0.1761,CLEAN,0.7781,0.0491,0.1728,CLEAN,0.7727,0.0686,0.1587,CLEAN
332,361,2026-06-06 08:13:20+00:00,30.359586571666668,119.97033726666666,0.5001226542353222,-0.5343335556545004,0.7768,0.0475,0.1758,CLEAN,0.7785,0.049,0.1725,CLEAN,0.7735,0.0682,0.1583,CLEAN
333,362,2026-06-06 08:13:21+00:00,30.359586536666665,119.97033732833333,0.5060460032775835,-0.5382297385982728,0.7771,0.0475,0.1754,CLEAN,0.779,0.0489,0.172,CLEAN,0.7743,0.0679,0.1578,CLEAN
334,363,2026-06-06 08:13:22+00:00,30.359586508333333,119.9703374,0.5129298946811703,-0.5413837903447644,0.7773,0.0475,0.1751,CLEAN,0.7794,0.0489,0.1717,CLEAN,0.7749,0.0677,0.1574,CLEAN
335,364,2026-06-06 08:13:23+00:00,30.359586463333333,119.97033744166667,0.5169321565567332,-0.5463931676060542,0.7768,0.0475,0.1757,CLEAN,0.7789,0.049,0.1721,CLEAN,0.7743,0.0681,0.1576,CLEAN
336,365,2026-06-06 08:13:24+00:00,30.359586416666666,119.97033747833333,0.5204541460296095,-0.5515880767815199,0.7766,0.0475,0.1759,CLEAN,0.7786,0.0491,0.1723,CLEAN,0.774,0.0685,0.1576,CLEAN
337,366,2026-06-06 08:13:25+00:00,30.359586411666665,119.97033751333333,0.5238160455162727,-0.552144674648394,0.777,0.0476,0.1755,CLEAN,0.7791,0.049,0.1719,CLEAN,0.7747,0.068,0.1573,CLEAN
338,367,2026-06-06 08:13:26+00:00,30.359586343333334,119.97033758333333,0.5305398444895992,-0.5597515064974167,0.7773,0.0476,0.1752,CLEAN,0.7795,0.049,0.1716,CLEAN,0.7751,0.0677,0.1571,CLEAN
339,368,2026-06-06 08:13:27+00:00,30.359586316666668,119.97033763333333,0.5353425587402746,-0.5627200256216168,0.7774,0.0476,0.175,CLEAN,0.7797,0.0489,0.1714,CLEAN,0.7755,0.0676,0.157,CLEAN
340,369,2026-06-06 08:13:28+00:00,30.359586263333334,119.97033763166667,0.5351824687540615,-0.568657065286248,0.777,0.0475,0.1755,CLEAN,0.7792,0.049,0.1718,CLEAN,0.7748,0.068,0.1571,CLEAN
341,370,2026-06-06 08:13:29+00:00,30.359586248333333,119.97033766833333,0.5387044606709852,-0.570326858178755,0.7768,0.0474,0.1758,CLEAN,0.7789,0.0491,0.172,CLEAN,0.7744,0.0684,0.1572,CLEAN
342,371,2026-06-06 08:13:30+00:00,30.35958624,119.97033767,0.5388645506571982,-0.5712545205820964,0.7766,0.0474,0.176,CLEAN,0.7787,0.0491,0.1722,CLEAN,0.7741,0.0686,0.1573,CLEAN
343,372,2026-06-06 08:13:31+00:00,30.359586215,119.97033768666667,0.5404654554074233,-0.5740375077921206,0.7765,0.0473,0.1762,CLEAN,0.7785,0.0491,0.1724,CLEAN,0.7737,0.0689,0.1574,CLEAN
344,373,2026-06-06 08:13:32+00:00,30.35958622,119.970337715,0.5431869925051871,-0.5734809099252465,0.7765,0.0473,0.1763,CLEAN,0.7783,0.0491,0.1726,CLEAN,0.7733,0.0691,0.1576,CLEAN
345,374,2026-06-06 08:13:33+00:00,30.35958622,119.97033772,0.5436672649078735,-0.5734809099252465,0.7764,0.0473,0.1763,CLEAN,0.7781,0.0492,0.1727,CLEAN,0.7731,0.0692,0.1576,CLEAN
346,375,2026-06-06 08:13:34+00:00,30.359586216666667,119.97033771833334,0.5435071749216605,-0.5738519751698292,0.7764,0.0473,0.1763,CLEAN,0.7781,0.0492,0.1727,CLEAN,0.7731,0.0693,0.1576,CLEAN
347,376,2026-06-06 08:13:35+00:00,30.359586213333333,119.97033774,0.545588352074572,-0.574223040414412,0.7764,0.0473,0.1763,CLEAN,0.7781,0.0492,0.1728,CLEAN,0.7731,0.0694,0.1576,CLEAN
348,377,2026-06-06 08:13:36+00:00,30.359586221666667,119.97033771333334,0.543026902518974,-0.5732953773029551,0.7764,0.0473,0.1763,CLEAN,0.7781,0.0492,0.1728,CLEAN,0.7731,0.0694,0.1575,CLEAN
349,378,2026-06-06 08:13:37+00:00,30.359586211666667,119.97033770666667,0.5423865401300745,-0.5744085723285879,0.7764,0.0473,0.1764,CLEAN,0.778,0.0492,0.1728,CLEAN,0.7731,0.0694,0.1575,CLEAN
350,379,2026-06-06 08:13:38+00:00,30.35958623,119.97033768,0.5398250930185238,-0.5723677148996137,0.7763,0.0472,0.1765,CLEAN,0.7779,0.0492,0.1729,CLEAN,0.7729,0.0695,0.1576,CLEAN
351,380,2026-06-06 08:13:39+00:00,30.359586208333333,119.97033765833334,0.5377439183096595,-0.5747796375731706,0.7765,0.0473,0.1762,CLEAN,0.7782,0.0491,0.1727,CLEAN,0.7733,0.069,0.1577,CLEAN
352,381,2026-06-06 08:13:40+00:00,30.359586188333335,119.97033764833333,0.5367833735042866,-0.5770060269163207,0.7766,0.0474,0.176,CLEAN,0.7784,0.049,0.1726,CLEAN,0.7736,0.0687,0.1577,CLEAN
353,382,2026-06-06 08:13:41+00:00,30.359586191666665,119.97033765833334,0.5377439183096595,-0.5766349623798535,0.7767,0.0475,0.1759,CLEAN,0.7786,0.049,0.1724,CLEAN,0.774,0.0684,0.1576,CLEAN
354,383,2026-06-06 08:13:42+00:00,30.359586185,119.97033767166667,0.5390246406434113,-0.5773770921609035,0.7768,0.0475,0.1757,CLEAN,0.7789,0.049,0.1721,CLEAN,0.7744,0.0682,0.1574,CLEAN
355,384,2026-06-06 08:13:43+00:00,30.35958616,119.97033765666667,0.5375838283234465,-0.5801600793709277,0.7764,0.0475,0.1761,CLEAN,0.7785,0.0491,0.1724,CLEAN,0.7739,0.0685,0.1575,CLEAN
356,385,2026-06-06 08:13:44+00:00,30.35958614666667,119.97033763333333,0.5353425587402746,-0.5816443396411433,0.7762,0.0475,0.1763,CLEAN,0.7782,0.0492,0.1726,CLEAN,0.7737,0.0688,0.1575,CLEAN
357,386,2026-06-06 08:13:45+00:00,30.35958614666667,119.97033762,0.5340618364065229,-0.5816443396411433,0.7761,0.0475,0.1764,CLEAN,0.7781,0.0492,0.1727,CLEAN,0.7734,0.069,0.1577,CLEAN
358,387,2026-06-06 08:13:46+00:00,30.359586126666667,119.97033759,0.5311802068784988,-0.5838707289842934,0.776,0.0474,0.1766,CLEAN,0.7778,0.0493,0.173,CLEAN,0.7729,0.0692,0.1579,CLEAN
359,388,2026-06-06 08:13:47+00:00,30.359586133333334,119.97033756166667,0.528458669780735,-0.5831285992032433,0.7758,0.0474,0.1768,CLEAN,0.7774,0.0493,0.1733,CLEAN,0.7723,0.0695,0.1582,CLEAN
360,389,2026-06-06 08:13:48+00:00,30.359586138333334,119.970337575,0.529739394558534,-0.5825720020444847,0.7757,0.0474,0.177,CLEAN,0.7772,0.0493,0.1735,CLEAN,0.7719,0.0697,0.1584,CLEAN
361,390,2026-06-06 08:13:49+00:00,30.359586115,119.97033751333333,0.5238160455162727,-0.5851694566322175,0.7756,0.0474,0.177,CLEAN,0.7771,0.0493,0.1736,CLEAN,0.7717,0.0698,0.1585,CLEAN
362,391,2026-06-06 08:13:50+00:00,30.359586078333333,119.97033749666667,0.5222151407660476,-0.5892511714901659,0.7757,0.0474,0.177,CLEAN,0.7771,0.0493,0.1736,CLEAN,0.7717,0.0698,0.1585,CLEAN
363,392,2026-06-06 08:13:51+00:00,30.359586055,119.970337485,0.521094508418509,-0.5918486260778988,0.7757,0.0473,0.177,CLEAN,0.7771,0.0493,0.1736,CLEAN,0.7716,0.0699,0.1585,CLEAN
364,393,2026-06-06 08:13:52+00:00,30.359585998333333,119.970337445,0.5172523365291593,-0.5981567309871128,0.7757,0.0473,0.1771,CLEAN,0.777,0.0493,0.1737,CLEAN,0.7715,0.0699,0.1586,CLEAN
365,394,2026-06-06 08:13:53+00:00,30.359585958333334,119.97033746166667,0.5188532412793844,-0.6026095103815284,0.7758,0.0473,0.177,CLEAN,0.7771,0.0493,0.1736,CLEAN,0.7715,0.07,0.1585,CLEAN
366,395,2026-06-06 08:13:54+00:00,30.359585905,119.970337425,0.5153312493624608,-0.6085465500461597,0.7758,0.0473,0.1769,CLEAN,0.7771,0.0493,0.1736,CLEAN,0.7715,0.07,0.1585,CLEAN
367,396,2026-06-06 08:13:55+00:00,30.359585863333333,119.97033739666666,0.512609712264697,-0.6131848620628667,0.7759,0.0473,0.1768,CLEAN,0.7772,0.0493,0.1735,CLEAN,0.7716,0.0699,0.1584,CLEAN
368,397,2026-06-06 08:13:56+00:00,30.359585813333332,119.9703374,0.5129298946811703,-0.6187508364829152,0.7761,0.0473,0.1767,CLEAN,0.7773,0.0493,0.1734,CLEAN,0.7719,0.0699,0.1583,CLEAN
369,398,2026-06-06 08:13:57+00:00,30.359585798333335,119.970337395,0.5124496222784839,-0.6204206286673066,0.7762,0.0473,0.1765,CLEAN,0.7775,0.0493,0.1732,CLEAN,0.7721,0.0698,0.1581,CLEAN
370,399,2026-06-06 08:13:58+00:00,30.359585751666668,119.9703374,0.5129298946811703,-0.6256155385508878,0.7764,0.0473,0.1763,CLEAN,0.7778,0.0493,0.173,CLEAN,0.7725,0.0696,0.1579,CLEAN
371,400,2026-06-06 08:13:59+00:00,30.359585715,119.97033738833333,0.5118092598895845,-0.6296972527007207,0.7765,0.0473,0.1762,CLEAN,0.7779,0.0493,0.1729,CLEAN,0.7727,0.0696,0.1577,CLEAN
372,401,2026-06-06 08:14:00+00:00,30.359585695,119.97033738666667,0.5116491699033714,-0.6319236427519863,0.7764,0.0473,0.1763,CLEAN,0.7778,0.0493,0.1729,CLEAN,0.7726,0.0696,0.1578,CLEAN
373,402,2026-06-06 08:14:01+00:00,30.359585686666666,119.97033737833334,0.5108487175282588,-0.6328513051553277,0.7763,0.0473,0.1764,CLEAN,0.7777,0.0493,0.1731,CLEAN,0.7724,0.0697,0.1579,CLEAN
374,403,2026-06-06 08:14:02+00:00,30.359585675,119.97033740833334,0.5137303446122357,-0.6341500328032519,0.7762,0.0473,0.1765,CLEAN,0.7775,0.0493,0.1732,CLEAN,0.7722,0.0698,0.158,CLEAN
375,404,2026-06-06 08:14:03+00:00,30.35958563166667,119.97033737333334,0.5103684451255723,-0.6389738767341349,0.7762,0.0473,0.1765,CLEAN,0.7775,0.0493,0.1732,CLEAN,0.7722,0.0698,0.158,CLEAN
376,405,2026-06-06 08:14:04+00:00,30.35958565,119.970337405,0.5134101646398095,-0.6369330200132761,0.7763,0.0473,0.1764,CLEAN,0.7775,0.0493,0.1732,CLEAN,0.7723,0.0698,0.158,CLEAN
377,406,2026-06-06 08:14:05+00:00,30.359585675,119.97033743166666,0.5159716117513603,-0.6341500328032519,0.7764,0.0473,0.1763,CLEAN,0.7776,0.0493,0.173,CLEAN,0.7724,0.0697,0.1579,CLEAN
378,407,2026-06-06 08:14:06+00:00,30.35958564,119.97033747333333,0.519973873626923,-0.6380462150389089,0.7764,0.0473,0.1762,CLEAN,0.7777,0.0493,0.173,CLEAN,0.7725,0.0697,0.1578,CLEAN
379,408,2026-06-06 08:14:07+00:00,30.359585623333334,119.97033744,0.5167720641264728,-0.6399015398455917,0.7764,0.0474,0.1762,CLEAN,0.7777,0.0493,0.173,CLEAN,0.7726,0.0696,0.1578,CLEAN
380,409,2026-06-06 08:14:08+00:00,30.359585586666668,119.97033749833334,0.5223752307522607,-0.6439832539954247,0.7765,0.0474,0.1762,CLEAN,0.7777,0.0493,0.1729,CLEAN,0.7726,0.0696,0.1578,CLEAN
381,410,2026-06-06 08:14:09+00:00,30.359585590000002,119.97033753333334,0.5257371326829713,-0.6436121894589574,0.7758,0.0473,0.1769,CLEAN,0.7768,0.0496,0.1736,CLEAN,0.7714,0.0704,0.1582,CLEAN
382,411,2026-06-06 08:14:10+00:00,30.359585565,119.970337545,0.5268577650305099,-0.6463951766689816,0.7759,0.0474,0.1767,CLEAN,0.7769,0.0495,0.1736,CLEAN,0.7715,0.0702,0.1583,CLEAN
383,412,2026-06-06 08:14:11+00:00,30.359585576666667,119.97033755166666,0.5274981249753621,-0.6450964490210574,0.7761,0.0474,0.1765,CLEAN,0.7771,0.0495,0.1734,CLEAN,0.7716,0.0701,0.1583,CLEAN
384,413,2026-06-06 08:14:12+00:00,30.359585476666666,119.97033759,0.5311802068784988,-0.6562283985692698,0.7762,0.0474,0.1764,CLEAN,0.7772,0.0495,0.1734,CLEAN,0.7717,0.07,0.1583,CLEAN
385,414,2026-06-06 08:14:13+00:00,30.359585423333332,119.97033761333333,0.5334214740176234,-0.6621654382339011,0.7764,0.0474,0.1762,CLEAN,0.7774,0.0494,0.1732,CLEAN,0.772,0.0699,0.1582,CLEAN
386,415,2026-06-06 08:14:14+00:00,30.359585396666667,119.97033764333334,0.5363031035456475,-0.6651339573581012,0.7765,0.0474,0.1761,CLEAN,0.7775,0.0494,0.1731,CLEAN,0.7722,0.0698,0.158,CLEAN
387,416,2026-06-06 08:14:15+00:00,30.359585388333333,119.97033761333333,0.5334214740176234,-0.6660616197614426,0.7766,0.0474,0.1761,CLEAN,0.7777,0.0494,0.173,CLEAN,0.7724,0.0697,0.1579,CLEAN
388,417,2026-06-06 08:14:16+00:00,30.359585353333333,119.97033760833334,0.5329412040589843,-0.6699578019970996,0.7766,0.0474,0.176,CLEAN,0.7777,0.0494,0.1729,CLEAN,0.7726,0.0696,0.1578,CLEAN
389,418,2026-06-06 08:14:17+00:00,30.359585341666666,119.97033764833333,0.5367833735042866,-0.6712565296450238,0.777,0.0475,0.1755,CLEAN,0.7783,0.0492,0.1724,CLEAN,0.7734,0.0689,0.1576,CLEAN
390,419,2026-06-06 08:14:18+00:00,30.359585358333334,119.97033764166666,0.5361430111153871,-0.669401204838341,0.7753,0.0473,0.1773,CLEAN,0.7763,0.0497,0.174,CLEAN,0.7706,0.0707,0.1588,CLEAN
391,420,2026-06-06 08:14:19+00:00,30.359585373333335,119.97033762166667,0.5342219263927359,-0.6677314119458341,0.7748,0.0474,0.1778,CLEAN,0.7753,0.0499,0.1747,CLEAN,0.7694,0.0713,0.1593,CLEAN
392,421,2026-06-06 08:14:20+00:00,30.35958537,119.970337575,0.529739394558534,-0.6681024771904168,0.7745,0.0474,0.1781,CLEAN,0.7748,0.05,0.1751,CLEAN,0.7685,0.0718,0.1597,CLEAN
393,422,2026-06-06 08:14:21+00:00,30.359585401666667,119.97033753,0.5254169502664978,-0.6645773601993425,0.7743,0.0473,0.1784,CLEAN,0.7744,0.0501,0.1755,CLEAN,0.7677,0.0721,0.1601,CLEAN
394,423,2026-06-06 08:14:22+00:00,30.359585368333335,119.97033750666667,0.5231756831273733,-0.6682880098127082,0.7747,0.0474,0.1779,CLEAN,0.7749,0.0499,0.1752,CLEAN,0.7682,0.0716,0.1601,CLEAN
395,424,2026-06-06 08:14:23+00:00,30.359585405,119.97033744333334,0.5170922465429462,-0.6642062949547598,0.7753,0.0474,0.1773,CLEAN,0.7758,0.0496,0.1746,CLEAN,0.7694,0.0706,0.16,CLEAN
396,425,2026-06-06 08:14:24+00:00,30.359585413333335,119.97033743,0.5158115217651472,-0.6632786325514184,0.775,0.0474,0.1776,CLEAN,0.7756,0.0496,0.1748,CLEAN,0.7692,0.0706,0.1602,CLEAN
397,426,2026-06-06 08:14:25+00:00,30.35958536,119.97033737666666,0.5106886250979985,-0.6692156722160496,0.7741,0.0473,0.1786,CLEAN,0.7746,0.0498,0.1757,CLEAN,0.7678,0.0714,0.1608,CLEAN
398,427,2026-06-06 08:14:26+00:00,30.359585306666666,119.97033734666667,0.5078069980140216,-0.6751527118806808,0.7741,0.0473,0.1786,CLEAN,0.7746,0.0497,0.1757,CLEAN,0.768,0.0712,0.1608,CLEAN
399,428,2026-06-06 08:14:27+00:00,30.359585291666665,119.97033730666666,0.503964826124672,-0.6768225040650723,0.7734,0.0473,0.1793,CLEAN,0.7738,0.0499,0.1763,CLEAN,0.7667,0.0718,0.1614,CLEAN
400,429,2026-06-06 08:14:28+00:00,30.359585276666667,119.97033729666667,0.5030042837633464,-0.6784922962494637,0.773,0.0472,0.1798,CLEAN,0.7731,0.05,0.1768,CLEAN,0.7657,0.0723,0.1619,CLEAN
401,430,2026-06-06 08:14:29+00:00,30.359585255,119.97033730833333,0.504124916110885,-0.6809042189230207,0.7727,0.0472,0.18,CLEAN,0.7727,0.0501,0.1772,CLEAN,0.765,0.0727,0.1623,CLEAN
402,431,2026-06-06 08:14:30+00:00,30.35958524666667,119.97033730666666,0.503964826124672,-0.6818318813263621,0.7732,0.0473,0.1795,CLEAN,0.7732,0.05,0.1768,CLEAN,0.7657,0.0721,0.1622,CLEAN
403,432,2026-06-06 08:14:31+00:00,30.359585235,119.97033726,0.49948229184642273,-0.6831306082661708,0.7726,0.0472,0.1801,CLEAN,0.7727,0.05,0.1773,CLEAN,0.7648,0.0725,0.1626,CLEAN
404,433,2026-06-06 08:14:32+00:00,30.359585233333334,119.97033723666667,0.49724102715134544,-0.6833161408884622,0.7715,0.0471,0.1814,CLEAN,0.7711,0.0504,0.1785,CLEAN,0.7626,0.0738,0.1635,CLEAN
405,434,2026-06-06 08:14:33+00:00,30.359585223333333,119.97033717666666,0.4914777680952972,-0.6844293359140949,0.7712,0.0471,0.1817,CLEAN,0.7707,0.0504,0.1789,CLEAN,0.7621,0.074,0.1639,CLEAN
406,435,2026-06-06 08:14:34+00:00,30.359585218333333,119.97033716333334,0.4901970457615455,-0.6849859337809691,0.7709,0.0471,0.182,CLEAN,0.7704,0.0504,0.1792,CLEAN,0.7613,0.0742,0.1645,CLEAN
407,436,2026-06-06 08:14:35+00:00,30.3595852,119.97033713666667,0.4876355986499948,-0.6870267905018278,0.7706,0.047,0.1824,CLEAN,0.7699,0.0504,0.1797,CLEAN,0.7605,0.0745,0.1651,CLEAN
408,437,2026-06-06 08:14:36+00:00,30.35958520333333,119.97033712833333,0.4868351438308349,-0.6866557259653605,0.7702,0.047,0.1828,CLEAN,0.7694,0.0504,0.1802,CLEAN,0.7596,0.0748,0.1657,CLEAN
409,438,2026-06-06 08:14:37+00:00,30.359585206666665,119.97033714666667,0.4885961410113204,-0.6862846607207778,0.77,0.047,0.183,CLEAN,0.769,0.0504,0.1806,CLEAN,0.759,0.075,0.1661,CLEAN
410,439,2026-06-06 08:14:38+00:00,30.359585231666667,119.970337105,0.48459387913575763,-0.6835016735107535,0.7699,0.047,0.1831,CLEAN,0.7689,0.0504,0.1807,CLEAN,0.7587,0.075,0.1663,CLEAN
411,440,2026-06-06 08:14:39+00:00,30.359585231666667,119.970337085,0.4826727919690591,-0.6835016735107535,0.7702,0.047,0.1828,CLEAN,0.7693,0.0504,0.1803,CLEAN,0.7594,0.0747,0.1659,CLEAN
412,441,2026-06-06 08:14:40+00:00,30.359585261666666,119.970337105,0.48459387913575763,-0.6801620891419706,0.7705,0.047,0.1825,CLEAN,0.7697,0.0504,0.1799,CLEAN,0.76,0.0744,0.1656,CLEAN
413,442,2026-06-06 08:14:41+00:00,30.359585275,119.97033709,0.48315306437174554,-0.6786778288717551,0.7698,0.0469,0.1833,CLEAN,0.7688,0.0506,0.1806,CLEAN,0.7586,0.0752,0.1661,CLEAN
414,443,2026-06-06 08:14:42+00:00,30.359585318333334,119.97033706833334,0.481071887218834,-0.6738539842327567,0.7705,0.047,0.1824,CLEAN,0.7697,0.0504,0.1799,CLEAN,0.7601,0.0742,0.1657,CLEAN
415,444,2026-06-06 08:14:43+00:00,30.359585318333334,119.97033704833333,0.4791508024961828,-0.6738539842327567,0.77,0.047,0.183,CLEAN,0.7692,0.0504,0.1804,CLEAN,0.7592,0.0744,0.1664,CLEAN
416,445,2026-06-06 08:14:44+00:00,30.359585336666665,119.97033707,0.48123197720504707,-0.6718131275118979,0.7694,0.047,0.1835,CLEAN,0.7684,0.0505,0.1811,CLEAN,0.7581,0.0748,0.1671,CLEAN
417,446,2026-06-06 08:14:45+00:00,30.359585316666667,119.97033707833333,0.48203242958015957,-0.674039516855048,0.7684,0.0469,0.1847,CLEAN,0.767,0.0508,0.1822,CLEAN,0.7559,0.0759,0.1681,CLEAN
418,447,2026-06-06 08:14:46+00:00,30.359585288333335,119.97033708333333,0.48251270198284607,-0.6771935686015396,0.7679,0.0469,0.1852,CLEAN,0.7662,0.051,0.1828,CLEAN,0.7547,0.0766,0.1687,CLEAN
419,448,2026-06-06 08:14:47+00:00,30.359585271666667,119.97033711166667,0.4852342390806098,-0.6790488941163378,0.7688,0.047,0.1841,CLEAN,0.7674,0.0507,0.1819,CLEAN,0.7565,0.0754,0.1682,CLEAN
420,449,2026-06-06 08:14:48+00:00,30.35958524666667,119.97033712833333,0.4868351438308349,-0.6818318813263621,0.7689,0.047,0.1841,CLEAN,0.7676,0.0506,0.1818,CLEAN,0.7564,0.0753,0.1682,CLEAN
421,450,2026-06-06 08:14:49+00:00,30.359585266666667,119.97033714666667,0.4885961410113204,-0.6796054912750965,0.7696,0.047,0.1834,CLEAN,0.7684,0.0503,0.1812,CLEAN,0.7577,0.0745,0.1678,CLEAN
422,451,2026-06-06 08:14:50+00:00,30.35958520166667,119.97033716833333,0.49067731572018464,-0.6868412578795364,0.7691,0.047,0.1838,CLEAN,0.768,0.0504,0.1816,CLEAN,0.7572,0.0747,0.1681,CLEAN
423,452,2026-06-06 08:14:51+00:00,30.359585216666666,119.97033716666667,0.4905172257339716,-0.685171465695145,0.7688,0.047,0.1841,CLEAN,0.7676,0.0505,0.1819,CLEAN,0.7568,0.0749,0.1683,CLEAN
424,453,2026-06-06 08:14:52+00:00,30.359585183333333,119.97033715666667,0.48955668337264596,-0.6888821153085106,0.7687,0.047,0.1842,CLEAN,0.7675,0.0505,0.1819,CLEAN,0.7568,0.0749,0.1683,CLEAN
425,454,2026-06-06 08:14:53+00:00,30.359585221666666,119.97033716666667,0.4905172257339716,-0.6846148685363863,0.7696,0.0471,0.1833,CLEAN,0.7687,0.0503,0.181,CLEAN,0.7583,0.074,0.1676,CLEAN
426,455,2026-06-06 08:14:54+00:00,30.359585221666666,119.97033716333334,0.4901970457615455,-0.6846148685363863,0.7703,0.0471,0.1826,CLEAN,0.7696,0.0501,0.1803,CLEAN,0.7596,0.0733,0.1671,CLEAN
427,456,2026-06-06 08:14:55+00:00,30.35958523,119.97033708333333,0.48251270198284607,-0.6836872061330449,0.7707,0.0471,0.1821,CLEAN,0.7703,0.05,0.1798,CLEAN,0.7606,0.0728,0.1666,CLEAN
428,457,2026-06-06 08:14:56+00:00,30.359585171666666,119.97033708333333,0.48251270198284607,-0.6901808429564348,0.771,0.0471,0.1819,CLEAN,0.7707,0.0499,0.1794,CLEAN,0.7613,0.0725,0.1663,CLEAN
429,458,2026-06-06 08:14:57+00:00,30.35958521,119.970337045,0.4788306200797094,-0.6859135961843105,0.7713,0.0472,0.1815,CLEAN,0.7712,0.0498,0.179,CLEAN,0.7621,0.0721,0.1658,CLEAN
430,459,2026-06-06 08:14:58+00:00,30.35958518,119.970337005,0.474988450634407,-0.6892531805530934,0.772,0.0473,0.1807,CLEAN,0.7722,0.0496,0.1781,CLEAN,0.7638,0.0712,0.165,CLEAN
431,460,2026-06-06 08:14:59+00:00,30.35958516,119.97033698,0.4725870935090693,-0.6914795698962435,0.7725,0.0474,0.1801,CLEAN,0.773,0.0495,0.1774,CLEAN,0.765,0.0705,0.1645,CLEAN
432,461,2026-06-06 08:15:00+00:00,30.35958517,119.97033693833333,0.4685848316335065,-0.6903663755787262,0.7728,0.0475,0.1797,CLEAN,0.7736,0.0494,0.177,CLEAN,0.7658,0.0701,0.1641,CLEAN
433,462,2026-06-06 08:15:01+00:00,30.359585136666666,119.97033693,0.467784379258394,-0.6940770251920918,0.7732,0.0475,0.1793,CLEAN,0.7742,0.0493,0.1765,CLEAN,0.7667,0.0697,0.1636,CLEAN
434,463,2026-06-06 08:15:02+00:00,30.359585143333334,119.97033690833334,0.46570320210548244,-0.6933348954110418,0.7737,0.0475,0.1788,CLEAN,0.7749,0.0493,0.1758,CLEAN,0.7678,0.0692,0.1629,CLEAN
435,464,2026-06-06 08:15:03+00:00,30.359585133333333,119.97033691,0.46586329209169547,-0.6944480904366745,0.774,0.0475,0.1785,CLEAN,0.7754,0.0492,0.1754,CLEAN,0.7686,0.0689,0.1624,CLEAN
436,465,2026-06-06 08:15:04+00:00,30.359585175,119.970336865,0.4615408477996593,-0.6898097784199675,0.7742,0.0476,0.1782,CLEAN,0.7758,0.0492,0.1751,CLEAN,0.7693,0.0687,0.1621,CLEAN
437,466,2026-06-06 08:15:05+00:00,30.359585163333332,119.970336865,0.4615408477996593,-0.6911085053597762,0.7739,0.0475,0.1786,CLEAN,0.7755,0.0493,0.1753,CLEAN,0.7689,0.069,0.1621,CLEAN
438,467,2026-06-06 08:15:06+00:00,30.359585138333333,119.97033685833334,0.4609004878548071,-0.6938914925698004,0.7738,0.0474,0.1788,CLEAN,0.7754,0.0493,0.1753,CLEAN,0.7689,0.0692,0.1619,CLEAN
439,468,2026-06-06 08:15:07+00:00,30.359585148333334,119.97033683,0.45817894831299605,-0.6927782975441676,0.7736,0.0474,0.1791,CLEAN,0.7752,0.0493,0.1754,CLEAN,0.7688,0.0693,0.1619,CLEAN
440,469,2026-06-06 08:15:08+00:00,30.359585185,119.97033684333333,0.45945967309079505,-0.6886965833943347,0.7735,0.0473,0.1792,CLEAN,0.7752,0.0493,0.1755,CLEAN,0.7687,0.0694,0.1619,CLEAN
441,470,2026-06-06 08:15:09+00:00,30.359585185,119.97033681666667,0.45689822597924434,-0.6886965833943347,0.7734,0.0472,0.1794,CLEAN,0.775,0.0493,0.1757,CLEAN,0.7685,0.0695,0.162,CLEAN
442,471,2026-06-06 08:15:10+00:00,30.359585196666668,119.97033683666666,0.4588193107018955,-0.6873978557464105,0.7738,0.0473,0.1789,CLEAN,0.7755,0.0492,0.1753,CLEAN,0.7691,0.0691,0.1617,CLEAN
443,472,2026-06-06 08:15:11+00:00,30.35958520166667,119.97033681166667,0.4564179535765579,-0.6868412578795364,0.7741,0.0474,0.1785,CLEAN,0.776,0.0491,0.1749,CLEAN,0.7698,0.0688,0.1614,CLEAN
444,473,2026-06-06 08:15:12+00:00,30.359585188333334,119.97033681666667,0.45689822597924434,-0.688325518149752,0.7744,0.0474,0.1782,CLEAN,0.7764,0.049,0.1745,CLEAN,0.7703,0.0685,0.1612,CLEAN
445,474,2026-06-06 08:15:13+00:00,30.359585245,119.97033684666667,0.45977985550726846,-0.682017413240538,0.7747,0.0474,0.1779,CLEAN,0.777,0.049,0.1741,CLEAN,0.7711,0.0682,0.1607,CLEAN
446,475,2026-06-06 08:15:14+00:00,30.359585223333333,119.97033684666667,0.45977985550726846,-0.6844293359140949,0.775,0.0474,0.1777,CLEAN,0.7774,0.0489,0.1737,CLEAN,0.7718,0.068,0.1603,CLEAN
447,476,2026-06-06 08:15:15+00:00,30.359585171666666,119.97033685666666,0.46074039786859405,-0.6901808429564348,0.7745,0.0473,0.1782,CLEAN,0.777,0.049,0.174,CLEAN,0.7715,0.0683,0.1602,CLEAN
448,477,2026-06-06 08:15:16+00:00,30.359585156666668,119.97033686333333,0.46138075781344623,-0.6918506351408262,0.7744,0.0473,0.1782,CLEAN,0.7769,0.0491,0.174,CLEAN,0.7715,0.0685,0.16,CLEAN
449,478,2026-06-06 08:15:17+00:00,30.359585141666667,119.97033687166666,0.4621812101885588,-0.6935204280333331,0.7745,0.0472,0.1783,CLEAN,0.777,0.0491,0.174,CLEAN,0.7715,0.0687,0.1598,CLEAN
450,479,2026-06-06 08:15:18+00:00,30.359585135,119.97033687166666,0.4621812101885588,-0.6942625578143832,0.7746,0.0471,0.1782,CLEAN,0.7771,0.0491,0.1738,CLEAN,0.7717,0.0687,0.1596,CLEAN
451,480,2026-06-06 08:15:19+00:00,30.35958514,119.970336815,0.45673813354898396,-0.693705959947509,0.7739,0.047,0.1792,CLEAN,0.7761,0.0492,0.1746,CLEAN,0.7705,0.0695,0.16,CLEAN
452,481,2026-06-06 08:15:20+00:00,30.359585091666666,119.97033680333334,0.45561750120144534,-0.6990864024533816,0.7734,0.0469,0.1797,CLEAN,0.7754,0.0494,0.1752,CLEAN,0.7696,0.0702,0.1602,CLEAN
453,482,2026-06-06 08:15:21+00:00,30.359585063333334,119.97033682333333,0.4575385859240965,-0.7022404541998731,0.7736,0.0469,0.1795,CLEAN,0.7755,0.0493,0.1752,CLEAN,0.7698,0.0701,0.1602,CLEAN
454,483,2026-06-06 08:15:22+00:00,30.359585058333334,119.97033684,0.45913949311836894,-0.7027970520667473,0.7728,0.0469,0.1803,CLEAN,0.7745,0.0495,0.176,CLEAN,0.7684,0.0709,0.1608,CLEAN
455,484,2026-06-06 08:15:23+00:00,30.359585015,119.97033684666667,0.45977985550726846,-0.7076208967057457,0.7723,0.0468,0.1809,CLEAN,0.7736,0.0497,0.1767,CLEAN,0.7672,0.0715,0.1613,CLEAN
456,485,2026-06-06 08:15:24+00:00,30.359585026666668,119.970336825,0.4576986783543569,-0.7063221690578215,0.7719,0.0468,0.1813,CLEAN,0.7729,0.0498,0.1773,CLEAN,0.7661,0.0721,0.1618,CLEAN
457,486,2026-06-06 08:15:25+00:00,30.359585,119.970336805,0.45577759363170567,-0.7092906888901371,0.7723,0.0469,0.1809,CLEAN,0.7732,0.0497,0.1771,CLEAN,0.7664,0.0718,0.1618,CLEAN
458,487,2026-06-06 08:15:26+00:00,30.359584998333332,119.97033686833333,0.4618610302161327,-0.7094762215124285,0.7719,0.0469,0.1812,CLEAN,0.7726,0.0498,0.1776,CLEAN,0.7655,0.0723,0.1622,CLEAN
459,488,2026-06-06 08:15:27+00:00,30.359584955,119.970336745,0.4500143345756574,-0.7143000661514269,0.7709,0.0468,0.1823,CLEAN,0.7711,0.0502,0.1787,CLEAN,0.7634,0.0735,0.1631,CLEAN
460,489,2026-06-06 08:15:28+00:00,30.359584703333333,119.97033651666666,0.4280819380311451,-0.7423154715820761,0.7725,0.0472,0.1803,CLEAN,0.7731,0.0497,0.1771,CLEAN,0.7662,0.0714,0.1624,CLEAN
461,490,2026-06-06 08:15:29+00:00,30.359584008333332,119.97033569333334,0.3489972428812153,-0.8196825177202269,0.7716,0.0472,0.1812,CLEAN,0.7721,0.0499,0.1779,CLEAN,0.7646,0.0721,0.1633,CLEAN
462,491,2026-06-06 08:15:30+00:00,30.359583713333333,119.97033523333333,0.3048122698197645,-0.8525217670817591,0.7716,0.0472,0.1812,CLEAN,0.772,0.0499,0.1781,CLEAN,0.7646,0.072,0.1634,CLEAN
463,492,2026-06-06 08:15:31+00:00,30.359583383333334,119.97033474166666,0.25758557968812384,-0.8892571986789483,0.7708,0.0472,0.1821,CLEAN,0.7711,0.0501,0.1789,CLEAN,0.7632,0.0727,0.1641,CLEAN
464,493,2026-06-06 08:15:32+00:00,30.359583435,119.97033473,0.25646494734058517,-0.8835056916366084,0.7709,0.0472,0.1819,CLEAN,0.7711,0.05,0.1788,CLEAN,0.7633,0.0725,0.1643,CLEAN
465,494,2026-06-06 08:15:33+00:00,30.359583451666666,119.97033464833333,0.24862051357567272,-0.881650367538041,0.7701,0.0472,0.1828,CLEAN,0.7703,0.0502,0.1796,CLEAN,0.7619,0.0731,0.165,CLEAN
466,495,2026-06-06 08:15:34+00:00,30.359583336666667,119.97033451,0.23533300317118538,-0.8944521085625294,0.7695,0.0471,0.1833,CLEAN,0.7694,0.0503,0.1803,CLEAN,0.7606,0.0737,0.1657,CLEAN
467,496,2026-06-06 08:15:35+00:00,30.35958363,119.97033479333334,0.26254838392501223,-0.8617983911151732,0.7704,0.0473,0.1823,CLEAN,0.7704,0.05,0.1796,CLEAN,0.7618,0.0727,0.1655,CLEAN
468,497,2026-06-06 08:15:36+00:00,30.359583858333334,119.97033507333333,0.28944358470641296,-0.8363804409803723,0.7709,0.0474,0.1817,CLEAN,0.7711,0.0498,0.1791,CLEAN,0.7627,0.072,0.1654,CLEAN
469,498,2026-06-06 08:15:37+00:00,30.359584211666668,119.97033525666667,0.30705353940293645,-0.7970475540873349,0.7713,0.0475,0.1812,CLEAN,0.7717,0.0497,0.1787,CLEAN,0.7634,0.0715,0.1651,CLEAN
470,499,2026-06-06 08:15:38+00:00,30.359584443333333,119.97033538833334,0.31970068497447696,-0.7712585387079512,0.7715,0.0476,0.181,CLEAN,0.772,0.0496,0.1784,CLEAN,0.7639,0.0711,0.165,CLEAN
471,500,2026-06-06 08:15:39+00:00,30.359584605,119.97033544166666,0.32482358164162567,-0.7532618877998817,0.771,0.0476,0.1814,CLEAN,0.7716,0.0497,0.1787,CLEAN,0.7634,0.0714,0.1652,CLEAN
472,501,2026-06-06 08:15:40+00:00,30.359584753333333,119.97033552,0.33234783299006476,-0.7367494964539122,0.7709,0.0475,0.1816,CLEAN,0.7715,0.0497,0.1788,CLEAN,0.7632,0.0715,0.1652,CLEAN
473,502,2026-06-06 08:15:41+00:00,30.359584801666667,119.97033557666667,0.3377909096296396,-0.7313690546561551,0.7709,0.0475,0.1817,CLEAN,0.7715,0.0497,0.1788,CLEAN,0.7631,0.0715,0.1653,CLEAN
474,503,2026-06-06 08:15:42+00:00,30.35958481833333,119.97033570666666,0.350277965214967,-0.7295137298494723,0.7708,0.0474,0.1818,CLEAN,0.7714,0.0497,0.1789,CLEAN,0.7629,0.0716,0.1655,CLEAN
475,504,2026-06-06 08:15:43+00:00,30.35958474,119.97033576333334,0.35572104429858914,-0.7382337567241277,0.7708,0.0474,0.1818,CLEAN,0.7714,0.0497,0.1789,CLEAN,0.7628,0.0717,0.1656,CLEAN
476,505,2026-06-06 08:15:44+00:00,30.359584644999998,119.970335825,0.3616443908968031,-0.748809108405466,0.771,0.0474,0.1817,CLEAN,0.7715,0.0497,0.1788,CLEAN,0.7629,0.0716,0.1655,CLEAN
477,506,2026-06-06 08:15:45+00:00,30.359584608333332,119.97033591333333,0.37012918705061515,-0.7528908232634144,0.7712,0.0473,0.1815,CLEAN,0.7717,0.0497,0.1786,CLEAN,0.7632,0.0716,0.1653,CLEAN
478,507,2026-06-06 08:15:46+00:00,30.359584633333334,119.97033602333333,0.3806951579132914,-0.7501078353452747,0.7712,0.0473,0.1815,CLEAN,0.7717,0.0497,0.1786,CLEAN,0.7632,0.0716,0.1653,CLEAN
479,508,2026-06-06 08:15:47+00:00,30.359584581666667,119.97033617833333,0.3955835706239565,-0.7558593423876145,0.7711,0.0473,0.1816,CLEAN,0.7718,0.0496,0.1786,CLEAN,0.7632,0.0715,0.1653,CLEAN
480,509,2026-06-06 08:15:48+00:00,30.359584616666666,119.97033630166666,0.40743026626443174,-0.7519631601519575,0.7711,0.0472,0.1817,CLEAN,0.7718,0.0496,0.1786,CLEAN,0.7632,0.0715,0.1653,CLEAN
481,510,2026-06-06 08:15:49+00:00,30.359584608333332,119.970336505,0.42696130568360646,-0.7528908232634144,0.771,0.0472,0.1818,CLEAN,0.7717,0.0496,0.1787,CLEAN,0.7631,0.0715,0.1654,CLEAN
482,511,2026-06-06 08:15:50+00:00,30.359584483333332,119.97033650166667,0.42664112571118035,-0.7668057593135356,0.77,0.0471,0.1829,CLEAN,0.7705,0.0498,0.1797,CLEAN,0.7614,0.0724,0.1662,CLEAN
483,512,2026-06-06 08:15:51+00:00,30.359584355,119.97033655166666,0.43144383996185565,-0.7810917606082395,0.7694,0.047,0.1836,CLEAN,0.7696,0.05,0.1804,CLEAN,0.7603,0.073,0.1666,CLEAN
484,513,2026-06-06 08:15:52+00:00,30.359584306666665,119.97033659666667,0.4357662818098445,-0.7864722024059966,0.77,0.0471,0.1829,CLEAN,0.7703,0.0499,0.1799,CLEAN,0.7612,0.0726,0.1662,CLEAN
485,514,2026-06-06 08:15:53+00:00,30.3595843,119.97033669,0.4447313479222957,-0.7872143321870466,0.7703,0.0471,0.1826,CLEAN,0.7707,0.0498,0.1795,CLEAN,0.7617,0.0722,0.166,CLEAN
486,515,2026-06-06 08:15:54+00:00,30.359584305,119.970336855,0.46058030543833367,-0.786657735028288,0.7705,0.0471,0.1824,CLEAN,0.7709,0.0497,0.1794,CLEAN,0.7621,0.072,0.1659,CLEAN
487,516,2026-06-06 08:15:55+00:00,30.359584296666668,119.970336955,0.4701857339396843,-0.7875853974316294,0.7705,0.0471,0.1824,CLEAN,0.7711,0.0496,0.1793,CLEAN,0.7624,0.0718,0.1658,CLEAN
488,517,2026-06-06 08:15:56+00:00,30.359584201666667,119.97033701,0.4754687205930461,-0.7981607491129676,0.7697,0.047,0.1834,CLEAN,0.7702,0.0498,0.18,CLEAN,0.7613,0.0725,0.1663,CLEAN
489,518,2026-06-06 08:15:57+00:00,30.359584196666667,119.97033707166666,0.4813920671912601,-0.7987173462717263,0.7699,0.047,0.1831,CLEAN,0.7704,0.0498,0.1798,CLEAN,0.7617,0.0723,0.166,CLEAN
490,519,2026-06-06 08:15:58+00:00,30.359584141666666,119.97033716333334,0.4901970457615455,-0.8048399185586489,0.77,0.047,0.183,CLEAN,0.7706,0.0497,0.1797,CLEAN,0.7618,0.0722,0.166,CLEAN
491,520,2026-06-06 08:15:59+00:00,30.359584031666667,119.970337155,0.48939659338643293,-0.8170850624243786,0.7698,0.0469,0.1833,CLEAN,0.7702,0.0499,0.1799,CLEAN,0.7612,0.0727,0.1661,CLEAN
492,521,2026-06-06 08:16:00+00:00,30.359583973333333,119.97033715666667,0.48955668337264596,-0.8235786992477685,0.7704,0.0469,0.1827,CLEAN,0.7709,0.0497,0.1794,CLEAN,0.7622,0.0722,0.1655,CLEAN
493,522,2026-06-06 08:16:01+00:00,30.359583996666668,119.970337195,0.49323876527578264,-0.8209812446600356,0.771,0.047,0.1821,CLEAN,0.7716,0.0497,0.1788,CLEAN,0.7633,0.0718,0.1649,CLEAN
494,523,2026-06-06 08:16:02+00:00,30.359584,119.970337265,0.4999625642491092,-0.8206101794154529,0.7713,0.047,0.1817,CLEAN,0.772,0.0496,0.1784,CLEAN,0.764,0.0715,0.1645,CLEAN
495,524,2026-06-06 08:16:03+00:00,30.359583918333332,119.97033722333333,0.49596030237354644,-0.8297012715346911,0.7709,0.0469,0.1822,CLEAN,0.7715,0.0498,0.1787,CLEAN,0.7634,0.072,0.1646,CLEAN
496,525,2026-06-06 08:16:04+00:00,30.359583961666665,119.97033721833333,0.49548002997085994,-0.8248774268956927,0.7718,0.0471,0.181,CLEAN,0.7726,0.0496,0.1778,CLEAN,0.7652,0.071,0.1638,CLEAN
497,526,2026-06-06 08:16:05+00:00,30.359583881666666,119.97033726833334,0.5002827466655826,-0.8337829863926395,0.7718,0.0472,0.181,CLEAN,0.7728,0.0496,0.1777,CLEAN,0.7653,0.0709,0.1638,CLEAN
498,527,2026-06-06 08:16:06+00:00,30.359583893333333,119.97033731,0.5042850085411453,-0.8324842587447153,0.7719,0.0471,0.181,CLEAN,0.7729,0.0495,0.1776,CLEAN,0.7655,0.0709,0.1636,CLEAN
499,528,2026-06-06 08:16:07+00:00,30.359583903333334,119.97033734333333,0.5074868155975483,-0.8313710637190825,0.772,0.0471,0.1809,CLEAN,0.773,0.0495,0.1774,CLEAN,0.7657,0.0709,0.1635,CLEAN
500,529,2026-06-06 08:16:08+00:00,30.35958397,119.97033743,0.5158115217651472,-0.8239497644923512,0.7722,0.0471,0.1807,CLEAN,0.7732,0.0495,0.1773,CLEAN,0.766,0.0708,0.1633,CLEAN
501,530,2026-06-06 08:16:09+00:00,30.359584026666667,119.97033757166666,0.5294192121420607,-0.8176416602912527,0.7725,0.0471,0.1804,CLEAN,0.7736,0.0495,0.1769,CLEAN,0.7665,0.0706,0.1629,CLEAN
502,531,2026-06-06 08:16:10+00:00,30.359584046666665,119.97033774,0.545588352074572,-0.8154152702399872,0.7728,0.0471,0.1801,CLEAN,0.7739,0.0495,0.1766,CLEAN,0.7669,0.0705,0.1626,CLEAN
503,532,2026-06-06 08:16:11+00:00,30.359584111666667,119.97033785833334,0.5569547753123608,-0.8081795029274318,0.7731,0.0472,0.1798,CLEAN,0.7742,0.0495,0.1763,CLEAN,0.7674,0.0703,0.1623,CLEAN
504,533,2026-06-06 08:16:12+00:00,30.359584128333335,119.97033797166667,0.5678409261474632,-0.806324178120749,0.7733,0.0472,0.1795,CLEAN,0.7745,0.0495,0.176,CLEAN,0.7678,0.0702,0.162,CLEAN
505,534,2026-06-06 08:16:13+00:00,30.359584155,119.9703381,0.5801678941906249,-0.8033556582884334,0.7734,0.0472,0.1794,CLEAN,0.7747,0.0494,0.1759,CLEAN,0.7681,0.0701,0.1618,CLEAN
506,535,2026-06-06 08:16:14+00:00,30.359584151666667,119.97033819166667,0.588972870316863,-0.8037267235330161,0.7734,0.0471,0.1794,CLEAN,0.7747,0.0494,0.1759,CLEAN,0.7681,0.0702,0.1617,CLEAN
507,536,2026-06-06 08:16:15+00:00,30.35958414,119.97033826666667,0.5961769416928759,-0.8050254511809403,0.7734,0.0472,0.1794,CLEAN,0.7747,0.0494,0.1759,CLEAN,0.7681,0.0702,0.1617,CLEAN
508,537,2026-06-06 08:16:16+00:00,30.359584135,119.97033831166667,0.6004993835408649,-0.8055820483396989,0.7735,0.0472,0.1793,CLEAN,0.7747,0.0494,0.1758,CLEAN,0.7682,0.0702,0.1616,CLEAN
509,538,2026-06-06 08:16:17+00:00,30.359584133333332,119.97033837166667,0.6062626425969131,-0.8057675809619903,0.7736,0.0471,0.1792,CLEAN,0.7749,0.0494,0.1757,CLEAN,0.7683,0.0702,0.1615,CLEAN
510,539,2026-06-06 08:16:18+00:00,30.359584130000002,119.97033836833333,0.6059424601804396,-0.8061386454984576,0.7737,0.0471,0.1791,CLEAN,0.775,0.0494,0.1756,CLEAN,0.7685,0.0701,0.1614,CLEAN
511,540,2026-06-06 08:16:19+00:00,30.359584130000002,119.970338345,0.6037011954853624,-0.8061386454984576,0.7738,0.0471,0.1791,CLEAN,0.775,0.0494,0.1756,CLEAN,0.7685,0.0701,0.1613,CLEAN
512,541,2026-06-06 08:16:20+00:00,30.359584115,119.97033834,0.6032209230826759,-0.8078084383909645,0.774,0.0471,0.1788,CLEAN,0.7753,0.0494,0.1753,CLEAN,0.7689,0.07,0.161,CLEAN
513,542,2026-06-06 08:16:21+00:00,30.359584076666668,119.97033828666666,0.5980980264155272,-0.8120756851630888,0.7747,0.0473,0.1781,CLEAN,0.7761,0.0492,0.1747,CLEAN,0.7701,0.0694,0.1605,CLEAN
514,543,2026-06-06 08:16:22+00:00,30.35958408833333,119.97033819166667,0.588972870316863,-0.8107769582232801,0.7728,0.0471,0.18,CLEAN,0.7739,0.0497,0.1764,CLEAN,0.7671,0.0711,0.1618,CLEAN
515,544,2026-06-06 08:16:23+00:00,30.35958411,119.97033802333333,0.5728037303843516,-0.8083650355497232,0.7723,0.0472,0.1805,CLEAN,0.773,0.0499,0.1771,CLEAN,0.766,0.0717,0.1622,CLEAN
516,545,2026-06-06 08:16:24+00:00,30.359584101666666,119.970337955,0.5662400238412854,-0.8092926979530646,0.7726,0.0472,0.1802,CLEAN,0.7732,0.0499,0.1769,CLEAN,0.7662,0.0714,0.1623,CLEAN
517,546,2026-06-06 08:16:25+00:00,30.359584166666668,119.97033786,0.5571148652985739,-0.8020569313486247,0.7722,0.0472,0.1806,CLEAN,0.7726,0.05,0.1774,CLEAN,0.7651,0.072,0.1629,CLEAN
518,547,2026-06-06 08:16:26+00:00,30.359584126666668,119.97033775833333,0.5473493443669629,-0.8065097107430403,0.7712,0.047,0.1818,CLEAN,0.7711,0.0503,0.1786,CLEAN,0.7627,0.0735,0.1639,CLEAN
519,548,2026-06-06 08:16:27+00:00,30.359584108333333,119.97033774833334,0.5463888044496846,-0.8085505681720145,0.7705,0.047,0.1826,CLEAN,0.7698,0.0507,0.1795,CLEAN,0.7608,0.0746,0.1646,CLEAN
520,549,2026-06-06 08:16:28+00:00,30.3595841,119.97033769,0.5407856353798495,-0.809478230575356,0.7699,0.0469,0.1831,CLEAN,0.7689,0.0509,0.1802,CLEAN,0.7592,0.0755,0.1653,CLEAN
521,550,2026-06-06 08:16:29+00:00,30.359584125,119.970337745,0.5460686220332112,-0.8066952433653317,0.7696,0.0469,0.1835,CLEAN,0.7681,0.051,0.1809,CLEAN,0.7576,0.0764,0.166,CLEAN
522,551,2026-06-06 08:16:30+00:00,30.359584265,119.97033786333333,0.557435045271,-0.7911105151308191,0.7693,0.0469,0.1839,CLEAN,0.7673,0.0511,0.1816,CLEAN,0.7561,0.0772,0.1667,CLEAN
523,552,2026-06-06 08:16:31+00:00,30.359584416666667,119.970337845,0.5556740505345619,-0.7742270585402669,0.7703,0.047,0.1827,CLEAN,0.7685,0.0507,0.1808,CLEAN,0.7578,0.0758,0.1664,CLEAN
524,553,2026-06-06 08:16:32+00:00,30.359584558333335,119.97033782,0.5532726934092241,-0.7584567969753474,0.77,0.047,0.183,CLEAN,0.7684,0.0506,0.181,CLEAN,0.7575,0.0758,0.1667,CLEAN
525,554,2026-06-06 08:16:33+00:00,30.359584668333333,119.97033786,0.5571148652985739,-0.7462116531096177,0.7707,0.0471,0.1823,CLEAN,0.7693,0.0504,0.1803,CLEAN,0.7591,0.0748,0.1662,CLEAN
526,555,2026-06-06 08:16:34+00:00,30.359584838333333,119.97033794,0.564799206633226,-0.7272873397982067,0.7704,0.047,0.1826,CLEAN,0.7691,0.0504,0.1805,CLEAN,0.7589,0.0748,0.1663,CLEAN
527,556,2026-06-06 08:16:35+00:00,30.359584795,119.97033787333334,0.5583955900763728,-0.7321111844372051,0.7696,0.0469,0.1835,CLEAN,0.7681,0.0507,0.1812,CLEAN,0.7575,0.0757,0.1668,CLEAN
528,557,2026-06-06 08:16:36+00:00,30.359584823333332,119.97033794166667,0.5649592990634864,-0.7289571326907136,0.7691,0.0469,0.1839,CLEAN,0.7673,0.051,0.1816,CLEAN,0.7564,0.0764,0.1672,CLEAN
529,558,2026-06-06 08:16:37+00:00,30.359584748333333,119.97033792166667,0.5630382118967878,-0.7373060943207863,0.7689,0.047,0.1842,CLEAN,0.7668,0.0512,0.182,CLEAN,0.7554,0.077,0.1676,CLEAN
530,559,2026-06-06 08:16:38+00:00,30.359584705,119.970337995,0.5700821932865878,-0.7421299389597847,0.7687,0.047,0.1843,CLEAN,0.7662,0.0514,0.1824,CLEAN,0.7542,0.0776,0.1682,CLEAN
531,560,2026-06-06 08:16:39+00:00,30.359584576666666,119.97033802333333,0.5728037303843516,-0.7564159402544887,0.7685,0.047,0.1845,CLEAN,0.7657,0.0515,0.1828,CLEAN,0.7533,0.078,0.1687,CLEAN
532,561,2026-06-06 08:16:40+00:00,30.359584473333335,119.970338045,0.5748849075372632,-0.7679189536310529,0.7675,0.047,0.1856,CLEAN,0.7641,0.0519,0.184,CLEAN,0.7504,0.0797,0.1699,CLEAN
533,562,2026-06-06 08:16:41+00:00,30.359584458333334,119.970338005,0.5710427380919607,-0.7695887465235598,0.7673,0.0471,0.1856,CLEAN,0.7636,0.052,0.1845,CLEAN,0.7497,0.0799,0.1705,CLEAN
534,563,2026-06-06 08:16:42+00:00,30.359584403333333,119.97033810666667,0.5808082565795244,-0.7757113188104824,0.7678,0.0472,0.185,CLEAN,0.7642,0.0516,0.1841,CLEAN,0.7506,0.079,0.1705,CLEAN
535,564,2026-06-06 08:16:43+00:00,30.35958436,119.97033812333333,0.5824091613297495,-0.7805351634494808,0.7673,0.0471,0.1856,CLEAN,0.7637,0.0517,0.1847,CLEAN,0.7494,0.0794,0.1712,CLEAN
536,565,2026-06-06 08:16:44+00:00,30.35958434,119.97033819333333,0.589132960303076,-0.7827615527926309,0.7669,0.047,0.186,CLEAN,0.7631,0.0517,0.1851,CLEAN,0.7486,0.0797,0.1717,CLEAN
537,566,2026-06-06 08:16:45+00:00,30.35958431,119.97033818166666,0.5880123279555374,-0.7861011378695293,0.7665,0.047,0.1865,CLEAN,0.7625,0.0518,0.1857,CLEAN,0.7475,0.0801,0.1723,CLEAN
538,567,2026-06-06 08:16:46+00:00,30.359584346666665,119.97033816,0.5859311508026258,-0.7820194230115809,0.7662,0.0471,0.1867,CLEAN,0.762,0.0519,0.1862,CLEAN,0.7466,0.0805,0.1729,CLEAN
539,568,2026-06-06 08:16:47+00:00,30.359584308333332,119.97033811833333,0.5819288889270631,-0.7862866704918207,0.7664,0.0471,0.1865,CLEAN,0.762,0.0519,0.1861,CLEAN,0.7465,0.0805,0.173,CLEAN
540,569,2026-06-06 08:16:48+00:00,30.359584313333333,119.97033804833333,0.5752050899537365,-0.7857300726249465,0.7666,0.0471,0.1863,CLEAN,0.7623,0.0519,0.1858,CLEAN,0.7469,0.0803,0.1729,CLEAN
541,570,2026-06-06 08:16:49+00:00,30.359584291666668,119.97033797333333,0.5680010161336763,-0.788141994590388,0.7669,0.0471,0.186,CLEAN,0.7627,0.0519,0.1855,CLEAN,0.7475,0.0799,0.1726,CLEAN
542,571,2026-06-06 08:16:50+00:00,30.359584321666667,119.970337875,0.5585556800625859,-0.7848024102216051,0.7671,0.0471,0.1859,CLEAN,0.763,0.0518,0.1852,CLEAN,0.7481,0.0796,0.1723,CLEAN
543,572,2026-06-06 08:16:51+00:00,30.35958438666667,119.970337895,0.5604767647852371,-0.7775666429090498,0.767,0.047,0.186,CLEAN,0.7629,0.0518,0.1853,CLEAN,0.748,0.0796,0.1724,CLEAN
544,573,2026-06-06 08:16:52+00:00,30.359584428333335,119.970337865,0.5575951377012603,-0.7729283308923427,0.7673,0.047,0.1857,CLEAN,0.7631,0.0518,0.1851,CLEAN,0.7483,0.0795,0.1722,CLEAN
545,574,2026-06-06 08:16:53+00:00,30.359584548333334,119.97033786833333,0.5579153176736864,-0.7595699920009802,0.768,0.047,0.185,CLEAN,0.7641,0.0515,0.1844,CLEAN,0.7499,0.0785,0.1716,CLEAN
546,575,2026-06-06 08:16:54+00:00,30.35958462,119.97033783666667,0.5548735981594493,-0.7515920956154902,0.769,0.0471,0.1838,CLEAN,0.7659,0.0509,0.1832,CLEAN,0.7526,0.0769,0.1705,CLEAN
547,576,2026-06-06 08:16:55+00:00,30.359584673333334,119.97033781333333,0.5526323310203247,-0.745655055950859,0.769,0.0471,0.184,CLEAN,0.7661,0.0508,0.1831,CLEAN,0.753,0.0766,0.1703,CLEAN
548,577,2026-06-06 08:16:56+00:00,30.359584713333334,119.97033778833334,0.550230973894987,-0.7412022765564433,0.7693,0.047,0.1837,CLEAN,0.7666,0.0508,0.1827,CLEAN,0.7542,0.0762,0.1697,CLEAN
549,578,2026-06-06 08:16:57+00:00,30.359584748333333,119.97033774833334,0.5463888044496846,-0.7373060943207863,0.7696,0.047,0.1833,CLEAN,0.7672,0.0507,0.1821,CLEAN,0.7555,0.0756,0.169,CLEAN
550,579,2026-06-06 08:16:58+00:00,30.359584843333334,119.970337815,0.5527924210065377,-0.726730742639448,0.7706,0.0472,0.1823,CLEAN,0.7687,0.0505,0.1808,CLEAN,0.7579,0.0743,0.1678,CLEAN
551,580,2026-06-06 08:16:59+00:00,30.359584941666668,119.970337895,0.5604767647852371,-0.715784325713527,0.7712,0.0473,0.1816,CLEAN,0.7697,0.0503,0.18,CLEAN,0.7596,0.0734,0.1671,CLEAN
552,581,2026-06-06 08:17:00+00:00,30.359585015,119.97033797,0.5676808361612501,-0.7076208967057457,0.7721,0.0474,0.1804,CLEAN,0.7712,0.05,0.1788,CLEAN,0.7619,0.0721,0.166,CLEAN
553,582,2026-06-06 08:17:01+00:00,30.359584993333332,119.97033792,0.5628781219105748,-0.7100328193793026,0.772,0.0475,0.1805,CLEAN,0.7714,0.05,0.1786,CLEAN,0.7624,0.0719,0.1658,CLEAN
554,583,2026-06-06 08:17:02+00:00,30.359584913333332,119.97033788166667,0.5591960424514855,-0.718938378168134,0.7716,0.0474,0.1811,CLEAN,0.771,0.0501,0.1789,CLEAN,0.762,0.0722,0.1657,CLEAN
555,584,2026-06-06 08:17:03+00:00,30.359584823333332,119.97033784166666,0.5553538705621357,-0.7289571326907136,0.7712,0.0473,0.1815,CLEAN,0.7706,0.0502,0.1792,CLEAN,0.7617,0.0725,0.1658,CLEAN
556,585,2026-06-06 08:17:04+00:00,30.359584745,119.97033789333334,0.5603166747990241,-0.7376771588572536,0.7716,0.0473,0.1811,CLEAN,0.7712,0.0501,0.1787,CLEAN,0.7626,0.072,0.1654,CLEAN
557,586,2026-06-06 08:17:05+00:00,30.359584618333333,119.97033791166666,0.5620776695354622,-0.7517776282377816,0.772,0.0473,0.1806,CLEAN,0.7719,0.0499,0.1782,CLEAN,0.7635,0.0716,0.1649,CLEAN
558,587,2026-06-06 08:17:06+00:00,30.359584595,119.97033797833333,0.5684812885363627,-0.7543750828255145,0.7729,0.0474,0.1797,CLEAN,0.7731,0.0497,0.1772,CLEAN,0.7652,0.0707,0.1642,CLEAN
559,588,2026-06-06 08:17:07+00:00,30.359584466666668,119.97033828166667,0.5976177564568881,-0.7686610841202184,0.7734,0.0475,0.1792,CLEAN,0.7739,0.0495,0.1766,CLEAN,0.7663,0.0701,0.1636,CLEAN
560,589,2026-06-06 08:17:08+00:00,30.359584038333335,119.97033820166666,0.5899334126781886,-0.8163429326433286,0.7729,0.0474,0.1796,CLEAN,0.7736,0.0495,0.1769,CLEAN,0.7662,0.0702,0.1636,CLEAN
561,590,2026-06-06 08:17:09+00:00,30.35958366,119.97033806833333,0.5771261746763877,-0.8584588067463903,0.7728,0.0474,0.1798,CLEAN,0.7736,0.0496,0.1768,CLEAN,0.7665,0.0702,0.1633,CLEAN
562,591,2026-06-06 08:17:10+00:00,30.359583371666666,119.97033799,0.5696019233279487,-0.8905559263268724,0.773,0.0474,0.1796,CLEAN,0.774,0.0496,0.1764,CLEAN,0.7672,0.07,0.1628,CLEAN
563,592,2026-06-06 08:17:11+00:00,30.359583053333335,119.970337785,0.5499107939225609,-0.9259926309842529,0.7727,0.0472,0.1801,CLEAN,0.7737,0.0497,0.1766,CLEAN,0.7666,0.0705,0.1629,CLEAN
564,593,2026-06-06 08:17:12+00:00,30.359582938333332,119.97033759166666,0.5313402968647118,-0.9387943727168567,0.7725,0.0471,0.1805,CLEAN,0.7734,0.0497,0.1769,CLEAN,0.7662,0.0709,0.1629,CLEAN
565,594,2026-06-06 08:17:13+00:00,30.35958314333333,119.970337605,0.5326210216425108,-0.9159738771697887,0.7731,0.047,0.1799,CLEAN,0.7742,0.0495,0.1763,CLEAN,0.7672,0.0704,0.1623,CLEAN
566,595,2026-06-06 08:17:14+00:00,30.359583545,119.97033757166666,0.5294192121420607,-0.8712605477708787,0.7727,0.047,0.1803,CLEAN,0.7738,0.0496,0.1766,CLEAN,0.7666,0.0708,0.1625,CLEAN
567,596,2026-06-06 08:17:15+00:00,30.359584023333333,119.97033779833333,0.5511915162563126,-0.81801272482772,0.773,0.047,0.1801,CLEAN,0.7741,0.0495,0.1764,CLEAN,0.7672,0.0706,0.1623,CLEAN
