{
  "train_loss": [
    0.587856675478238,
    0.39167631674630743,
    0.34480778431179393,
    0.3284159904032545,
    0.3010729300088734
  ],
  "val_loss": [
    0.14296634121144072,
    0.07752521722874743,
    0.06964377209227136,
    0.15075926614779953,
    0.13571476359316642
  ],
  "train_f1_5s": [
    0.740238319182965,
    0.8523751844718372,
    0.8691460645079719,
    0.8775637560980901,
    0.8891905348157706
  ],
  "train_f1_15s": [
    0.7284058796735534,
    0.8361368922132572,
    0.852437581460281,
    0.8548608320206302,
    0.8663069189246717
  ],
  "train_f1_30s": [
    0.7028573481564692,
    0.8008111071094491,
    0.8197275398142959,
    0.8205982008014306,
    0.8350851784878092
  ],
  "val_f1_5s": [
    0.9538900597995411,
    0.9392006475217655,
    0.9649149851462546,
    0.8788721897236469,
    0.9550808539113017
  ],
  "val_f1_15s": [
    0.9278791881198897,
    0.9313216433141376,
    0.9413710389370515,
    0.8383567965360315,
    0.9342852446148004
  ],
  "val_f1_30s": [
    0.8893453784776683,
    0.9138933204774663,
    0.9063542507810229,
    0.7206522410293553,
    0.8089875232630286
  ],
  "lr": [
    0.0004,
    0.0006,
    0.0008,
    0.001,
    0.001
  ]
}